cik,tickers,company_name,gics_sector,gics_sub_industry,gics_code,type,financial_firm,basis,evidence_accession,evidence_quote,reit,negative_equity_latest,multi_class_listed,needs_override
0001090872,A,Agilent Technologies,Health Care,Life Sciences Tools & Services,,operating,False,GICS sector Health Care,,,False,False,False,False
0000320193,AAPL,Apple Inc.,Information Technology,"Technology Hardware, Storage & Peripherals",,operating,False,GICS sector Information Technology,,,False,False,False,False
0001551152,ABBV,AbbVie,Health Care,Biotechnology,,operating,False,GICS sector Health Care,,,False,True,False,False
0001559720,ABNB,Airbnb,Consumer Discretionary,"Hotels, Resorts & Cruise Lines",,operating,False,GICS sector Consumer Discretionary,,,False,False,False,False
0000001800,ABT,Abbott Laboratories,Health Care,Health Care Equipment,,operating,False,GICS sector Health Care,,,False,False,False,False
0000947484,ACGL,Arch Capital Group,Financials,Property & Casualty Insurance,40301040,article_7,True,GICS 40301040; income statement carries PremiumsEarnedNet and the balance sheet no AssetsCurrent,0000947484-26-000017,,False,False,True,False
0001467373,ACN,Accenture,Information Technology,IT Consulting & Other Services,,operating,False,GICS sector Information Technology,,,False,False,False,False
0000796343,ADBE,Adobe Inc.,Information Technology,Application Software,,operating,False,GICS sector Information Technology,,,False,False,False,False
0000006281,ADI,Analog Devices,Information Technology,Semiconductors,,operating,False,GICS sector Information Technology,,,False,False,False,False
0000007084,ADM,Archer Daniels Midland,Consumer Staples,Agricultural Products & Services,,operating,False,GICS sector Consumer Staples,,,False,False,False,False
0000008670,ADP,Automatic Data Processing,Industrials,Human Resource & Employment Services,,operating,False,GICS sector Industrials,,,False,False,False,False
0000769397,ADSK,Autodesk,Information Technology,Application Software,,operating,False,GICS sector Information Technology,,,False,False,False,False
0001002910,AEE,Ameren,Utilities,Multi-Utilities,,operating,False,GICS sector Utilities,,,False,False,False,False
0000004904,AEP,American Electric Power,Utilities,Electric Utilities,,operating,False,GICS sector Utilities,,,False,False,False,False
0000874761,AES,AES Corporation,Utilities,Independent Power Producers & Energy Traders,,operating,False,GICS sector Utilities,,,False,False,False,False
0000004977,AFL,Aflac,Financials,Life & Health Insurance,40301020,article_7,True,GICS 40301020; income statement carries PremiumsEarnedNet and the balance sheet no AssetsCurrent,0001628280-26-011402,,False,False,False,False
0000005272,AIG,American International Group,Financials,Multi-line Insurance,40301030,article_7,True,GICS 40301030; income statement carries PremiumsEarnedNet and the balance sheet no AssetsCurrent,0000005272-26-000023,,False,False,False,False
0001267238,AIZ,Assurant,Financials,Multi-line Insurance,40301030,article_7,True,GICS 40301030; income statement carries PremiumsEarnedNet and the balance sheet no AssetsCurrent,0001267238-26-000010,,False,False,True,False
0000354190,AJG,Arthur J. Gallagher & Co.,Financials,Insurance Brokers,40301010,operating,False,GICS 40301010 is an operating company under APP-00,,,False,False,False,False
0001086222,AKAM,Akamai Technologies,Information Technology,Internet Services & Infrastructure,,operating,False,GICS sector Information Technology,,,False,False,False,False
0000915913,ALB,Albemarle Corporation,Materials,Specialty Chemicals,,operating,False,GICS sector Materials,,,False,,True,False
0001097149,ALGN,Align Technology,Health Care,Health Care Supplies,,operating,False,GICS sector Health Care,,,False,False,False,False
0000899051,ALL,Allstate,Financials,Property & Casualty Insurance,40301040,article_7,True,GICS 40301040; income statement carries PremiumsEarnedNet and the balance sheet no AssetsCurrent,0000899051-26-000031,,False,False,True,False
0001579241,ALLE,Allegion,Industrials,Building Products,,operating,False,GICS sector Industrials,,,False,False,False,False
0000006951,AMAT,Applied Materials,Information Technology,Semiconductor Materials & Equipment,,operating,False,GICS sector Information Technology,,,False,False,False,False
0001748790,AMCR,Amcor,Materials,Paper & Plastic Packaging Products & Materials,,operating,False,GICS sector Materials,,,False,False,True,False
0000002488,AMD,Advanced Micro Devices,Information Technology,Semiconductors,,operating,False,GICS sector Information Technology,,,False,False,False,False
0001037868,AME,Ametek,Industrials,Electrical Components & Equipment,,operating,False,GICS sector Industrials,,,False,False,False,False
0000318154,AMGN,Amgen,Health Care,Biotechnology,,operating,False,GICS sector Health Care,,,False,False,False,False
0000820027,AMP,Ameriprise Financial,Financials,Asset Management & Custody Banks,40203010,article_9,True,"the 10-K states it is a bank, financial or savings-and-loan holding company",0000820027-26-000011,"At that time, Ameriprise Financial became a savings and loan holding company subject to regulation, supervision and examination by the Board of Governors for the Federal Reserve System (&#8220;FRB&#8221;), and Ameriprise Financial elected to be classified as a financial holding company subject to applicable regulation under the Bank Holding Company Act of 1956, as amended.",False,False,False,False
0001053507,AMT,American Tower,Real Estate,Telecom Tower REITs,,operating,False,GICS sector Real Estate,,,True,False,False,False
0001018724,AMZN,Amazon,Consumer Discretionary,Broadline Retail,,operating,False,GICS sector Consumer Discretionary,,,False,False,False,False
0001596532,ANET,Arista Networks,Information Technology,Communications Equipment,,operating,False,GICS sector Information Technology,,,False,False,False,False
0000315293,AON,Aon plc,Financials,Insurance Brokers,40301010,operating,False,GICS 40301010 is an operating company under APP-00,,,False,False,False,False
0000091142,AOS,A. O. Smith,Industrials,Building Products,,operating,False,GICS sector Industrials,,,False,False,False,False
0001841666,APA,APA Corporation,Energy,Oil & Gas Exploration & Production,,operating,False,GICS sector Energy,,,False,False,False,False
0000002969,APD,Air Products,Materials,Industrial Gases,,operating,False,GICS sector Materials,,,False,False,False,False
0000820313,APH,Amphenol,Information Technology,Electronic Components,,operating,False,GICS sector Information Technology,,,False,False,False,False
0001858681,APO,Apollo Global Management,Financials,Asset Management & Custody Banks,40203010,other_financial,True,"GICS 40203010, no Article 9 statement found in the 10-K",,,False,False,True,False
0001751008,APP,AppLovin,Communication Services,Advertising,,operating,False,GICS sector Communication Services,,,False,False,False,False
0001521332,APTV,Aptiv,Consumer Discretionary,Automotive Parts & Equipment,,operating,False,GICS sector Consumer Discretionary,,,False,False,False,False
0001035443,ARE,Alexandria Real Estate Equities,Real Estate,Office REITs,,operating,False,GICS sector Real Estate,,,True,False,False,False
0001176948,ARES,Ares Management,Financials,Asset Management & Custody Banks,40203010,other_financial,True,"GICS 40203010, no Article 9 statement found in the 10-K",,,False,False,True,False
0000731802,ATO,Atmos Energy,Utilities,Gas Utilities,,operating,False,GICS sector Utilities,,,False,False,False,False
0001730168,AVGO,Broadcom,Information Technology,Semiconductors,,operating,False,GICS sector Information Technology,,,False,False,False,False
0000008818,AVY,Avery Dennison,Materials,Paper & Plastic Packaging Products & Materials,,operating,False,GICS sector Materials,,,False,False,False,False
0001410636,AWK,American Water Works,Utilities,Water Utilities,,operating,False,GICS sector Utilities,,,False,False,False,False
0001069183,AXON,Axon Enterprise,Industrials,Aerospace & Defense,,operating,False,GICS sector Industrials,,,False,False,False,False
0000004962,AXP,American Express,Financials,Consumer Finance,40202010,article_9,True,"the 10-K states it is a bank, financial or savings-and-loan holding company",0000004962-26-000080,"As noted above, each of the Company and TRS is a bank holding company and each has elected to become a financial holding company, which is authorized to engage in a broader range of financial and related activities.",False,False,False,False
0000866787,AZO,AutoZone,Consumer Discretionary,Automotive Retail,,operating,False,GICS sector Consumer Discretionary,,,False,True,False,False
0000012927,BA,Boeing,Industrials,Aerospace & Defense,,operating,False,GICS sector Industrials,,,False,False,True,False
0000070858,BAC,Bank of America,Financials,Diversified Banks,40101010,article_9,True,"the 10-K states it is a bank, financial or savings-and-loan holding company",0000070858-26-000157,"Business Bank of America Corporation is a Delaware corporation, a bank holding company (BHC) and a financial holding company.",False,False,True,False
0000009389,BALL,Ball Corporation,Materials,"Metal, Glass & Plastic Containers",,operating,False,GICS sector Materials,,,False,False,False,False
0000010456,BAX,Baxter International,Health Care,Health Care Equipment,,operating,False,GICS sector Health Care,,,False,False,False,False
0000764478,BBY,Best Buy,Consumer Discretionary,Computer & Electronics Retail,,operating,False,GICS sector Consumer Discretionary,,,False,False,False,False
0000010795,BDX,Becton Dickinson,Health Care,Health Care Equipment,,operating,False,GICS sector Health Care,,,False,False,False,False
0000038777,BEN,Franklin Resources,Financials,Asset Management & Custody Banks,40203010,other_financial,True,"GICS 40203010, no Article 9 statement found in the 10-K",,,False,False,False,False
0000014693,BF.B,Brown–Forman,Consumer Staples,Distillers & Vintners,,operating,False,GICS sector Consumer Staples,,,False,False,True,False
0001996862,BG,Bunge Global,Consumer Staples,Agricultural Products & Services,,operating,False,GICS sector Consumer Staples,,,False,False,False,False
0000875045,BIIB,Biogen,Health Care,Biotechnology,,operating,False,GICS sector Health Care,,,False,False,False,False
0001075531,BKNG,Booking Holdings,Consumer Discretionary,"Hotels, Resorts & Cruise Lines",,operating,False,GICS sector Consumer Discretionary,,,False,True,False,False
0001701605,BKR,Baker Hughes,Energy,Oil & Gas Equipment & Services,,operating,False,GICS sector Energy,,,False,False,False,False
0001316835,BLDR,Builders FirstSource,Industrials,Building Products,,operating,False,GICS sector Industrials,,,False,False,False,False
0002012383,BLK,BlackRock,Financials,Asset Management & Custody Banks,40203010,other_financial,True,"GICS 40203010, no Article 9 statement found in the 10-K",,,False,False,False,False
0000014272,BMY,Bristol Myers Squibb,Health Care,Pharmaceuticals,,operating,False,GICS sector Health Care,,,False,False,True,False
0001390777,BNY,BNY Mellon,Financials,Asset Management & Custody Banks,40203010,article_9,True,"the 10-K states it is a bank, financial or savings-and-loan holding company",0001390777-26-000033,Regulated Entities of BNY and Ancillary Regulatory Requirements BHC and Bank Entities BNY is registered as an FHC under the BHC Act and subject to supervision by the Federal Reserve.,False,False,True,False
0001383312,BR,Broadridge Financial Solutions,Industrials,Data Processing & Outsourced Services,,operating,False,GICS sector Industrials,,,False,False,False,False
0001067983,BRK.B,Berkshire Hathaway,Financials,Multi-Sector Holdings,40201030,multi_sector_holding,False,GICS 40201030,,,False,False,True,False
0000079282,BRO,Brown & Brown,Financials,Insurance Brokers,40301010,operating,False,GICS 40301010 is an operating company under APP-00,,,False,False,False,False
0000885725,BSX,Boston Scientific,Health Care,Health Care Equipment,,operating,False,GICS sector Health Care,,,False,False,False,False
0001393818,BX,Blackstone Inc.,Financials,Asset Management & Custody Banks,40203010,other_financial,True,"GICS 40203010, no Article 9 statement found in the 10-K",,,False,False,False,False
0001037540,BXP,"BXP, Inc.",Real Estate,Office REITs,,operating,False,GICS sector Real Estate,,,True,False,False,False
0000831001,C,Citigroup,Financials,Diversified Banks,40101010,article_9,True,"the 10-K states it is a bank, financial or savings-and-loan holding company",0000831001-26-000011,General Citigroup is a registered bank holding company and financial holding company and is regulated and supervised by the Federal Reserve Board (FRB).,False,False,True,False
0000721371,CAH,Cardinal Health,Health Care,Health Care Distributors,,operating,False,GICS sector Health Care,,,False,True,False,False
0001783180,CARR,Carrier Global,Industrials,Building Products,,operating,False,GICS sector Industrials,,,False,False,False,False
0000726958,CASY,Casey's,Consumer Staples,Food Retail,,operating,False,GICS sector Consumer Staples,,,False,False,False,False
0000018230,CAT,Caterpillar Inc.,Industrials,Construction Machinery & Heavy Transportation Equipment,,operating,False,GICS sector Industrials,,,False,False,False,False
0000896159,CB,Chubb Limited,Financials,Property & Casualty Insurance,40301040,article_7,True,GICS 40301040; income statement carries PremiumsEarnedNet and the balance sheet no AssetsCurrent,0000896159-26-000005,,False,False,False,False
0001374310,CBOE,Cboe Global Markets,Financials,Financial Exchanges & Data,40203040,operating,False,GICS 40203040 is an operating company under APP-00,,,False,False,False,False
0001138118,CBRE,CBRE Group,Real Estate,Real Estate Services,,operating,False,GICS sector Real Estate,,,False,False,False,False
0001051470,CCI,Crown Castle,Real Estate,Telecom Tower REITs,,operating,False,GICS sector Real Estate,,,True,True,False,False
0000815097,CCL,Carnival Corporation,Consumer Discretionary,"Hotels, Resorts & Cruise Lines",,operating,False,GICS sector Consumer Discretionary,,,False,False,False,False
0000813672,CDNS,Cadence Design Systems,Information Technology,Application Software,,operating,False,GICS sector Information Technology,,,False,False,False,False
0001402057,CDW,CDW Corporation,Information Technology,Technology Distributors,,operating,False,GICS sector Information Technology,,,False,False,False,False
0001868275,CEG,Constellation Energy,Utilities,Electric Utilities,,operating,False,GICS sector Utilities,,,False,False,False,False
0001324404,CF,CF Industries,Materials,Fertilizers & Agricultural Chemicals,,operating,False,GICS sector Materials,,,False,False,False,False
0000759944,CFG,Citizens Financial Group,Financials,Regional Banks,40101015,article_9,True,"the 10-K states it is a bank, financial or savings-and-loan holding company",0000759944-26-000028,"We are a BHC incorporated under Delaware state law in 1984, and our primary federal regulator is the FRB.",False,False,True,False
0000313927,CHD,Church & Dwight,Consumer Staples,Household Products,,operating,False,GICS sector Consumer Staples,,,False,False,False,False
0001043277,CHRW,C.H. Robinson,Industrials,Air Freight & Logistics,,operating,False,GICS sector Industrials,,,False,False,False,False
0001091667,CHTR,Charter Communications,Communication Services,Cable & Satellite,,operating,False,GICS sector Communication Services,,,False,False,True,False
0001739940,CI,Cigna,Health Care,Health Care Services,,operating,False,GICS sector Health Care,,,False,False,False,False
0000936395,CIEN,Ciena,Information Technology,Communications Equipment,,operating,False,GICS sector Information Technology,,,False,False,False,False
0000020286,CINF,Cincinnati Financial,Financials,Property & Casualty Insurance,40301040,article_7,True,GICS 40301040; income statement carries PremiumsEarnedNet and the balance sheet no AssetsCurrent,0000020286-26-000008,,False,False,False,False
0000021665,CL,Colgate-Palmolive,Consumer Staples,Household Products,,operating,False,GICS sector Consumer Staples,,,False,False,False,False
0000021076,CLX,Clorox,Consumer Staples,Household Products,,operating,False,GICS sector Consumer Staples,,,False,False,False,False
0001166691,CMCSA,Comcast,Communication Services,Cable & Satellite,,operating,False,GICS sector Communication Services,,,False,False,True,False
0001156375,CME,CME Group,Financials,Financial Exchanges & Data,40203040,operating,False,GICS 40203040 is an operating company under APP-00,,,False,False,False,False
0001058090,CMG,Chipotle Mexican Grill,Consumer Discretionary,Restaurants,,operating,False,GICS sector Consumer Discretionary,,,False,False,False,False
0000026172,CMI,Cummins,Industrials,Construction Machinery & Heavy Transportation Equipment,,operating,False,GICS sector Industrials,,,False,False,False,False
0000811156,CMS,CMS Energy,Utilities,Multi-Utilities,,operating,False,GICS sector Utilities,,,False,False,True,False
0001071739,CNC,Centene Corporation,Health Care,Managed Health Care,,operating,False,GICS sector Health Care,,,False,False,False,False
0001130310,CNP,CenterPoint Energy,Utilities,Multi-Utilities,,operating,False,GICS sector Utilities,,,False,False,False,False
0000927628,COF,Capital One,Financials,Consumer Finance,40202010,article_9,True,"the 10-K states it is a bank, financial or savings-and-loan holding company",0000927628-26-000024,"Prudential Regulation of Banking Capital One Financial Corporation is a bank holding company (&#8220;BHC&#8221;) and a financial holding company (&#8220;FHC&#8221;) under the Bank Holding Company Act of 1956, as amended (&#8220;BHC Act&#8221;), and is subject to the requirements of the BHC Act, including approval requirements for investments in or acquisitions of banking organizations, capital ade",False,False,True,False
0000820318,COHR,Coherent Corp.,Information Technology,Electronic Components,,operating,False,GICS sector Information Technology,,,False,False,False,False
0001679788,COIN,Coinbase,Financials,Financial Exchanges & Data,40203040,operating,False,GICS 40203040 is an operating company under APP-00,,,False,False,False,False
0000711404,COO,Cooper Companies (The),Health Care,Health Care Supplies,,operating,False,GICS sector Health Care,,,False,False,False,False
0001163165,COP,ConocoPhillips,Energy,Oil & Gas Exploration & Production,,operating,False,GICS sector Energy,,,False,False,False,False
0001140859,COR,Cencora,Health Care,Health Care Distributors,,operating,False,GICS sector Health Care,,,False,False,False,False
0000909832,COST,Costco,Consumer Staples,Consumer Staples Merchandise Retail,,operating,False,GICS sector Consumer Staples,,,False,False,False,False
0001175454,CPAY,Corpay,Financials,Transaction & Payment Processing Services,40201060,operating,False,GICS 40201060 is an operating company under APP-00,,,False,False,False,False
0000900075,CPRT,Copart,Industrials,Diversified Support Services,,operating,False,GICS sector Industrials,,,False,False,False,False
0000906345,CPT,Camden Property Trust,Real Estate,Multi-Family Residential REITs,,operating,False,GICS sector Real Estate,,,True,False,False,False
0000849395,CRH,CRH plc,Materials,Construction Materials,,operating,False,GICS sector Materials,,,False,False,False,False
0001100682,CRL,Charles River Laboratories,Health Care,Life Sciences Tools & Services,,operating,False,GICS sector Health Care,,,False,False,False,False
0001108524,CRM,Salesforce,Information Technology,Application Software,,operating,False,GICS sector Information Technology,,,False,False,False,False
0001535527,CRWD,CrowdStrike,Information Technology,Systems Software,,operating,False,GICS sector Information Technology,,,False,False,False,False
0000858877,CSCO,Cisco,Information Technology,Communications Equipment,,operating,False,GICS sector Information Technology,,,False,False,False,False
0001057352,CSGP,CoStar Group,Real Estate,Real Estate Services,,operating,False,GICS sector Real Estate,,,False,False,False,False
0000277948,CSX,CSX Corporation,Industrials,Rail Transportation,,operating,False,GICS sector Industrials,,,False,False,False,False
0000723254,CTAS,Cintas,Industrials,Diversified Support Services,,operating,False,GICS sector Industrials,,,False,False,False,False
0001058290,CTSH,Cognizant,Information Technology,IT Consulting & Other Services,,operating,False,GICS sector Information Technology,,,False,False,False,False
0001755672,CTVA,Corteva,Materials,Fertilizers & Agricultural Chemicals,,operating,False,GICS sector Materials,,,False,False,False,False
0001690820,CVNA,Carvana,Consumer Discretionary,Automotive Retail,,operating,False,GICS sector Consumer Discretionary,,,False,False,False,False
0000064803,CVS,CVS Health,Health Care,Health Care Services,,operating,False,GICS sector Health Care,,,False,False,False,False
0000093410,CVX,Chevron Corporation,Energy,Integrated Oil & Gas,,operating,False,GICS sector Energy,,,False,False,False,False
0000715957,D,Dominion Energy,Utilities,Multi-Utilities,,operating,False,GICS sector Utilities,,,False,False,False,False
0000027904,DAL,Delta Air Lines,Industrials,Passenger Airlines,,operating,False,GICS sector Industrials,,,False,False,False,False
0001792789,DASH,DoorDash,Consumer Discretionary,Specialized Consumer Services,,operating,False,GICS sector Consumer Discretionary,,,False,False,False,False
0001666700,DD,DuPont,Industrials,Industrial Conglomerates,,operating,False,GICS sector Industrials,,,False,False,False,False
0001561550,DDOG,Datadog,Information Technology,Application Software,,operating,False,GICS sector Information Technology,,,False,False,False,False
0000315189,DE,Deere & Company,Industrials,Agricultural & Farm Machinery,,operating,False,GICS sector Industrials,,,False,False,False,False
0000910521,DECK,Deckers Brands,Consumer Discretionary,Footwear,,operating,False,GICS sector Consumer Discretionary,,,False,False,False,False
0001571996,DELL,Dell Technologies,Information Technology,"Technology Hardware, Storage & Peripherals",,operating,False,GICS sector Information Technology,,,False,True,False,False
0000029534,DG,Dollar General,Consumer Staples,Consumer Staples Merchandise Retail,,operating,False,GICS sector Consumer Staples,,,False,False,False,False
0001022079,DGX,Quest Diagnostics,Health Care,Health Care Services,,operating,False,GICS sector Health Care,,,False,False,False,False
0000882184,DHI,D. R. Horton,Consumer Discretionary,Homebuilding,,operating,False,GICS sector Consumer Discretionary,,,False,False,False,False
0000313616,DHR,Danaher Corporation,Health Care,Life Sciences Tools & Services,,operating,False,GICS sector Health Care,,,False,False,False,False
0001744489,DIS,Walt Disney Company (The),Communication Services,Movies & Entertainment,,operating,False,GICS sector Communication Services,,,False,False,False,False
0001297996,DLR,Digital Realty,Real Estate,Data Center REITs,,operating,False,GICS sector Real Estate,,,True,False,True,False
0000935703,DLTR,Dollar Tree,Consumer Staples,Consumer Staples Merchandise Retail,,operating,False,GICS sector Consumer Staples,,,False,False,False,False
0000765880,DOC,Healthpeak Properties,Real Estate,Health Care REITs,,operating,False,GICS sector Real Estate,,,True,False,False,False
0000029905,DOV,Dover Corporation,Industrials,Industrial Machinery & Supplies & Components,,operating,False,GICS sector Industrials,,,False,False,False,False
0001751788,DOW,Dow Inc.,Materials,Commodity Chemicals,,operating,False,GICS sector Materials,,,False,False,False,False
0001286681,DPZ,Domino's,Consumer Discretionary,Restaurants,,operating,False,GICS sector Consumer Discretionary,,,False,True,False,False
0000940944,DRI,Darden Restaurants,Consumer Discretionary,Restaurants,,operating,False,GICS sector Consumer Discretionary,,,False,False,False,False
0000936340,DTE,DTE Energy,Utilities,Multi-Utilities,,operating,False,GICS sector Utilities,,,False,False,True,False
0001326160,DUK,Duke Energy,Utilities,Electric Utilities,,operating,False,GICS sector Utilities,,,False,False,True,False
0000927066,DVA,DaVita,Health Care,Health Care Services,,operating,False,GICS sector Health Care,,,False,True,False,False
0001090012,DVN,Devon Energy,Energy,Oil & Gas Exploration & Production,,operating,False,GICS sector Energy,,,False,False,False,False
0001093557,DXCM,Dexcom,Health Care,Health Care Equipment,,operating,False,GICS sector Health Care,,,False,False,False,False
0001065088,EBAY,eBay Inc.,Consumer Discretionary,Broadline Retail,,operating,False,GICS sector Consumer Discretionary,,,False,False,False,False
0001415404,ECHO,EchoStar,Communication Services,Wireless Telecommunication Services,,operating,False,GICS sector Communication Services,,,False,False,False,False
0000031462,ECL,Ecolab,Materials,Specialty Chemicals,,operating,False,GICS sector Materials,,,False,False,False,False
0001047862,ED,Consolidated Edison,Utilities,Multi-Utilities,,operating,False,GICS sector Utilities,,,False,False,False,False
0000033185,EFX,Equifax,Industrials,Research & Consulting Services,,operating,False,GICS sector Industrials,,,False,False,False,False
0001095073,EG,Everest Group,Financials,Reinsurance,40301050,article_7,True,GICS 40301050; income statement carries PremiumsEarnedNet and the balance sheet no AssetsCurrent,0001095073-26-000006,,False,False,False,False
0000827052,EIX,Edison International,Utilities,Electric Utilities,,operating,False,GICS sector Utilities,,,False,False,False,False
0001001250,EL,Estée Lauder Companies (The),Consumer Staples,Personal Care Products,,operating,False,GICS sector Consumer Staples,,,False,False,False,False
0001156039,ELV,Elevance Health,Health Care,Managed Health Care,,operating,False,GICS sector Health Care,,,False,False,False,False
0000105634,EME,Emcor,Industrials,Construction & Engineering,,operating,False,GICS sector Industrials,,,False,False,False,False
0000032604,EMR,Emerson Electric,Industrials,Electrical Components & Equipment,,operating,False,GICS sector Industrials,,,False,False,False,False
0000821189,EOG,EOG Resources,Energy,Oil & Gas Exploration & Production,,operating,False,GICS sector Energy,,,False,False,False,False
0001101239,EQIX,Equinix,Real Estate,Data Center REITs,,operating,False,GICS sector Real Estate,,,True,False,False,False
0000033213,EQT,EQT Corporation,Energy,Oil & Gas Exploration & Production,,operating,False,GICS sector Energy,,,False,False,False,False
0000922621,ERIE,Erie Indemnity,Financials,Insurance Brokers,40301010,operating,False,GICS 40301010 is an operating company under APP-00,,,False,False,False,False
0000072741,ES,Eversource Energy,Utilities,Electric Utilities,,operating,False,GICS sector Utilities,,,False,False,False,False
0000920522,ESS,Essex Property Trust,Real Estate,Multi-Family Residential REITs,,operating,False,GICS sector Real Estate,,,True,False,False,False
0001551182,ETN,Eaton Corporation,Industrials,Electrical Components & Equipment,,operating,False,GICS sector Industrials,,,False,False,False,False
0000065984,ETR,Entergy,Utilities,Electric Utilities,,operating,False,GICS sector Utilities,,,False,False,False,False
0001711269,EVRG,Evergy,Utilities,Electric Utilities,,operating,False,GICS sector Utilities,,,False,False,False,False
0001099800,EW,Edwards Lifesciences,Health Care,Health Care Equipment,,operating,False,GICS sector Health Care,,,False,False,False,False
0001109357,EXC,Exelon,Utilities,Electric Utilities,,operating,False,GICS sector Utilities,,,False,False,False,False
0000895126,EXE,Expand Energy,Energy,Oil & Gas Exploration & Production,,operating,False,GICS sector Energy,,,False,False,False,False
0000746515,EXPD,Expeditors International,Industrials,Air Freight & Logistics,,operating,False,GICS sector Industrials,,,False,False,False,False
0001324424,EXPE,Expedia Group,Consumer Discretionary,"Hotels, Resorts & Cruise Lines",,operating,False,GICS sector Consumer Discretionary,,,False,False,False,False
0001289490,EXR,Extra Space Storage,Real Estate,Self-Storage REITs,,operating,False,GICS sector Real Estate,,,True,False,False,False
0000037996,F,Ford Motor Company,Consumer Discretionary,Automobile Manufacturers,,operating,False,GICS sector Consumer Discretionary,,,False,False,True,False
0001539838,FANG,Diamondback Energy,Energy,Oil & Gas Exploration & Production,,operating,False,GICS sector Energy,,,False,False,False,False
0000815556,FAST,Fastenal,Industrials,Trading Companies & Distributors,,operating,False,GICS sector Industrials,,,False,False,False,False
0000831259,FCX,Freeport-McMoRan,Materials,Copper,,operating,False,GICS sector Materials,,,False,False,False,False
0001013237,FDS,FactSet,Financials,Financial Exchanges & Data,40203040,operating,False,GICS 40203040 is an operating company under APP-00,,,False,False,False,False
0001048911,FDX,FedEx,Industrials,Air Freight & Logistics,,operating,False,GICS sector Industrials,,,False,False,False,False
0002082247,FDXF,FedEx Freight,Industrials,Cargo Ground Transportation,,operating,False,GICS sector Industrials,,,False,True,False,False
0001031296,FE,FirstEnergy,Utilities,Electric Utilities,,operating,False,GICS sector Utilities,,,False,False,False,False
0002011641,FERG,Ferguson Enterprises,Industrials,Building Products,,operating,False,GICS sector Industrials,,,False,False,False,False
0001048695,FFIV,"F5, Inc.",Information Technology,Communications Equipment,,operating,False,GICS sector Information Technology,,,False,False,False,False
0000814547,FICO,Fair Isaac,Information Technology,Application Software,,operating,False,GICS sector Information Technology,,,False,True,False,False
0001136893,FIS,Fidelity National Information Services,Financials,Transaction & Payment Processing Services,40201060,operating,False,GICS 40201060 is an operating company under APP-00,,,False,False,False,False
0000798354,FISV,Fiserv,Financials,Transaction & Payment Processing Services,40201060,operating,False,GICS 40201060 is an operating company under APP-00,,,False,False,False,False
0000035527,FITB,Fifth Third Bancorp,Financials,Regional Banks,40101015,article_9,True,"the 10-K states it is a bank, financial or savings-and-loan holding company",0000035527-26-000124,"BUSINESS General Information Fifth Third Bancorp (the &#8220;Bancorp&#8221; or &#8220;Fifth Third&#8221;), an Ohio corporation organized in 1975, is a bank holding company (&#8220;BHC&#8221;) as defined by the Bank Holding Company Act of 1956, as amended (the &#8220;BHCA&#8221;), and has elected to be treated as a financial holding company (&#8220;FHC&#8221;) under the Gramm-Leach-Bliley Act of 19",False,False,True,False
0001035983,FIX,Comfort Systems USA,Industrials,Construction & Engineering,,operating,False,GICS sector Industrials,,,False,False,False,False
0000866374,FLEX,Flex Ltd.,Information Technology,Electronic Manufacturing Services,,operating,False,GICS sector Information Technology,,,False,False,False,False
0001754301,FOX/FOXA,Fox Corporation(Class B),Communication Services,Broadcasting,,operating,False,GICS sector Communication Services,,,False,False,True,False
0000034903,FRT,Federal Realty Investment Trust,Real Estate,Retail REITs,,operating,False,GICS sector Real Estate,,,True,False,True,False
0001274494,FSLR,First Solar,Information Technology,Semiconductors,,operating,False,GICS sector Information Technology,,,False,False,False,False
0001262039,FTNT,Fortinet,Information Technology,Systems Software,,operating,False,GICS sector Information Technology,,,False,False,False,False
0001659166,FTV,Fortive,Industrials,Industrial Machinery & Supplies & Components,,operating,False,GICS sector Industrials,,,False,False,False,False
0000040533,GD,General Dynamics,Industrials,Aerospace & Defense,,operating,False,GICS sector Industrials,,,False,False,False,False
0001609711,GDDY,GoDaddy,Information Technology,Internet Services & Infrastructure,,operating,False,GICS sector Information Technology,,,False,False,False,False
0000040545,GE,GE Aerospace,Industrials,Aerospace & Defense,,operating,False,GICS sector Industrials,,,False,False,False,False
0001932393,GEHC,GE HealthCare,Health Care,Health Care Equipment,,operating,False,GICS sector Health Care,,,False,False,False,False
0000849399,GEN,Gen Digital,Information Technology,Systems Software,,operating,False,GICS sector Information Technology,,,False,False,True,False
0001996810,GEV,GE Vernova,Industrials,Heavy Electrical Equipment,,operating,False,GICS sector Industrials,,,False,False,False,False
0000882095,GILD,Gilead Sciences,Health Care,Biotechnology,,operating,False,GICS sector Health Care,,,False,False,False,False
0000040704,GIS,General Mills,Consumer Staples,Packaged Foods & Meats,,operating,False,GICS sector Consumer Staples,,,False,False,False,False
0000320335,GL,Globe Life,Financials,Life & Health Insurance,40301020,article_7,True,GICS 40301020; income statement carries PremiumsEarnedNet and the balance sheet no AssetsCurrent,0000320335-26-000090,,False,False,True,False
0000024741,GLW,Corning Inc.,Information Technology,Electronic Components,,operating,False,GICS sector Information Technology,,,False,False,False,False
0001467858,GM,General Motors,Consumer Discretionary,Automobile Manufacturers,,operating,False,GICS sector Consumer Discretionary,,,False,False,False,False
0001474735,GNRC,Generac,Industrials,Heavy Electrical Equipment,,operating,False,GICS sector Industrials,,,False,False,False,False
0001652044,GOOG/GOOGL,Alphabet Inc.(Class C),Communication Services,Interactive Media & Services,,operating,False,GICS sector Communication Services,,,False,False,True,False
0000040987,GPC,Genuine Parts Company,Consumer Discretionary,Distributors,,operating,False,GICS sector Consumer Discretionary,,,False,False,False,False
0001123360,GPN,Global Payments,Financials,Transaction & Payment Processing Services,40201060,operating,False,GICS 40201060 is an operating company under APP-00,,,False,False,False,False
0001121788,GRMN,Garmin,Consumer Discretionary,Consumer Electronics,,operating,False,GICS sector Consumer Discretionary,,,False,False,False,False
0000886982,GS,Goldman Sachs,Financials,Investment Banking & Brokerage,40203020,article_9,True,"the 10-K states it is a bank, financial or savings-and-loan holding company",0000886982-26-000091,Group Inc. is a bank holding company (BHC) and a financial holding company (FHC) regulated by the Board of Governors of the Federal Reserve System (FRB).,False,False,True,False
0000277135,GWW,W. W. Grainger,Industrials,Industrial Machinery & Supplies & Components,,operating,False,GICS sector Industrials,,,False,False,False,False
0000045012,HAL,Halliburton,Energy,Oil & Gas Equipment & Services,,operating,False,GICS sector Energy,,,False,False,False,False
0000046080,HAS,Hasbro,Consumer Discretionary,Leisure Products,,operating,False,GICS sector Consumer Discretionary,,,False,False,False,False
0000049196,HBAN,Huntington Bancshares,Financials,Regional Banks,40101015,article_9,True,"the 10-K states it is a bank, financial or savings-and-loan holding company",0000049196-26-000015,"Item 1: Business General Business Description We are a multi-state diversified regional bank holding company organized under Maryland law in 1966 and headquartered in Columbus, Ohio.",False,False,True,False
0000860730,HCA,HCA Healthcare,Health Care,Health Care Facilities,,operating,False,GICS sector Health Care,,,False,True,False,False
0000354950,HD,Home Depot (The),Consumer Discretionary,Home Improvement Retail,,operating,False,GICS sector Consumer Discretionary,,,False,False,False,False
0000874766,HIG,Hartford (The),Financials,Property & Casualty Insurance,40301040,article_7,True,GICS 40301040; income statement carries PremiumsEarnedNet and the balance sheet no AssetsCurrent,0000874766-26-000012,,False,False,True,False
0001501585,HII,Huntington Ingalls Industries,Industrials,Aerospace & Defense,,operating,False,GICS sector Industrials,,,False,False,False,False
0001585689,HLT,Hilton Worldwide,Consumer Discretionary,"Hotels, Resorts & Cruise Lines",,operating,False,GICS sector Consumer Discretionary,,,False,True,False,False
0000773840,HON,Honeywell Technologies,Industrials,Industrial Conglomerates,,operating,False,GICS sector Industrials,,,False,False,False,False
0002089271,HONA,Honeywell Aerospace,Industrials,Aerospace & Defense,,operating,False,GICS sector Industrials,,,False,,False,False
0001783879,HOOD,Robinhood Markets,Financials,Investment Banking & Brokerage,40203020,other_financial,True,"GICS 40203020, no Article 9 statement found in the 10-K",,,False,False,False,False
0001645590,HPE,Hewlett Packard Enterprise,Information Technology,"Technology Hardware, Storage & Peripherals",,operating,False,GICS sector Information Technology,,,False,False,True,False
0000047217,HPQ,HP Inc.,Information Technology,"Technology Hardware, Storage & Peripherals",,operating,False,GICS sector Information Technology,,,False,True,False,False
0000048465,HRL,Hormel Foods,Consumer Staples,Packaged Foods & Meats,,operating,False,GICS sector Consumer Staples,,,False,False,False,False
0001000228,HSIC,Henry Schein,Health Care,Health Care Distributors,,operating,False,GICS sector Health Care,,,False,False,False,False
0001070750,HST,Host Hotels & Resorts,Real Estate,Hotel & Resort REITs,,operating,False,GICS sector Real Estate,,,True,False,False,False
0000047111,HSY,Hershey Company (The),Consumer Staples,Packaged Foods & Meats,,operating,False,GICS sector Consumer Staples,,,False,False,False,False
0000048898,HUBB,Hubbell Incorporated,Industrials,Industrial Machinery & Supplies & Components,,operating,False,GICS sector Industrials,,,False,False,False,False
0000049071,HUM,Humana,Health Care,Managed Health Care,,operating,False,GICS sector Health Care,,,False,False,False,False
0000004281,HWM,Howmet Aerospace,Industrials,Aerospace & Defense,,operating,False,GICS sector Industrials,,,False,False,False,False
0001381197,IBKR,Interactive Brokers,Financials,Investment Banking & Brokerage,40203020,other_financial,True,"GICS 40203020, no Article 9 statement found in the 10-K",,,False,False,False,False
0000051143,IBM,IBM,Information Technology,IT Consulting & Other Services,,operating,False,GICS sector Information Technology,,,False,False,False,False
0001571949,ICE,Intercontinental Exchange,Financials,Financial Exchanges & Data,40203040,operating,False,GICS 40203040 is an operating company under APP-00,,,False,False,False,False
0000874716,IDXX,Idexx Laboratories,Health Care,Health Care Equipment,,operating,False,GICS sector Health Care,,,False,False,False,False
0000832101,IEX,IDEX Corporation,Industrials,Industrial Machinery & Supplies & Components,,operating,False,GICS sector Industrials,,,False,False,False,False
0000051253,IFF,International Flavors & Fragrances,Materials,Specialty Chemicals,,operating,False,GICS sector Materials,,,False,False,False,False
0000879169,INCY,Incyte,Health Care,Biotechnology,,operating,False,GICS sector Health Care,,,False,False,False,False
0000050863,INTC,Intel,Information Technology,Semiconductors,,operating,False,GICS sector Information Technology,,,False,False,False,False
0000896878,INTU,Intuit,Information Technology,Application Software,,operating,False,GICS sector Information Technology,,,False,False,False,False
0001687229,INVH,Invitation Homes,Real Estate,Single-Family Residential REITs,,operating,False,GICS sector Real Estate,,,True,False,False,False
0000051434,IP,International Paper,Materials,Paper & Plastic Packaging Products & Materials,,operating,False,GICS sector Materials,,,False,False,True,False
0001478242,IQV,IQVIA,Health Care,Life Sciences Tools & Services,,operating,False,GICS sector Health Care,,,False,False,False,False
0001699150,IR,Ingersoll Rand,Industrials,Industrial Machinery & Supplies & Components,,operating,False,GICS sector Industrials,,,False,False,False,False
0001020569,IRM,Iron Mountain,Real Estate,Other Specialized REITs,,operating,False,GICS sector Real Estate,,,True,True,False,False
0001035267,ISRG,Intuitive Surgical,Health Care,Health Care Equipment,,operating,False,GICS sector Health Care,,,False,False,False,False
0000749251,IT,Gartner,Information Technology,IT Consulting & Other Services,,operating,False,GICS sector Information Technology,,,False,False,False,False
0000049826,ITW,Illinois Tool Works,Industrials,Industrial Machinery & Supplies & Components,,operating,False,GICS sector Industrials,,,False,False,False,False
0000914208,IVZ,Invesco,Financials,Asset Management & Custody Banks,40203010,other_financial,True,"GICS 40203010, no Article 9 statement found in the 10-K",,,False,False,False,False
0000052988,J,Jacobs Solutions,Industrials,Construction & Engineering,,operating,False,GICS sector Industrials,,,False,False,False,False
0000728535,JBHT,J.B. Hunt,Industrials,Cargo Ground Transportation,,operating,False,GICS sector Industrials,,,False,False,False,False
0000898293,JBL,Jabil,Information Technology,Electronic Manufacturing Services,,operating,False,GICS sector Information Technology,,,False,False,False,False
0000833444,JCI,Johnson Controls,Industrials,Building Products,,operating,False,GICS sector Industrials,,,False,False,False,False
0000779152,JKHY,Jack Henry & Associates,Financials,Transaction & Payment Processing Services,40201060,operating,False,GICS 40201060 is an operating company under APP-00,,,False,False,False,False
0000200406,JNJ,Johnson & Johnson,Health Care,Pharmaceuticals,,operating,False,GICS sector Health Care,,,False,False,False,False
0000019617,JPM,JPMorgan Chase,Financials,Diversified Banks,40101010,article_9,True,"the 10-K states it is a bank, financial or savings-and-loan holding company",0001628280-26-008131,"JPMorgan Chase &amp; Co. is a bank holding company (&#8220;BHC&#8221;) and a financial holding company (&#8220;FHC&#8221;) under U.S. federal law, and is subject to comprehensive consolidated supervision, regulation and examination by the Board of Governors of the Federal Reserve System (the &#8220;Federal Reserve&#8221;).",False,False,True,False
0001418135,KDP,Keurig Dr Pepper,Consumer Staples,Soft Drinks & Non-alcoholic Beverages,,operating,False,GICS sector Consumer Staples,,,False,False,False,False
0000091576,KEY,KeyCorp,Financials,Regional Banks,40101015,article_9,True,"the 10-K states it is a bank, financial or savings-and-loan holding company",0001628280-26-010546,"We are a BHC under the BHCA and one of the nation's largest bank-based financial services companies, with consolidated total assets of approximately $184.4 billion at December 31, 2025.",False,False,True,False
0001601046,KEYS,Keysight Technologies,Information Technology,Electronic Equipment & Instruments,,operating,False,GICS sector Information Technology,,,False,False,False,False
0001637459,KHC,Kraft Heinz,Consumer Staples,Packaged Foods & Meats,,operating,False,GICS sector Consumer Staples,,,False,False,False,False
0000879101,KIM,Kimco Realty,Real Estate,Retail REITs,,operating,False,GICS sector Real Estate,,,True,False,True,False
0001404912,KKR,KKR & Co.,Financials,Asset Management & Custody Banks,40203010,other_financial,True,"GICS 40203010, no Article 9 statement found in the 10-K",,,False,False,True,False
0000319201,KLAC,KLA Corporation,Information Technology,Semiconductor Materials & Equipment,,operating,False,GICS sector Information Technology,,,False,False,False,False
0000055785,KMB,Kimberly-Clark,Consumer Staples,Household Products,,operating,False,GICS sector Consumer Staples,,,False,False,False,False
0001506307,KMI,Kinder Morgan,Energy,Oil & Gas Storage & Transportation,,operating,False,GICS sector Energy,,,False,False,True,False
0000021344,KO,Coca-Cola Company (The),Consumer Staples,Soft Drinks & Non-alcoholic Beverages,,operating,False,GICS sector Consumer Staples,,,False,False,False,False
0000056873,KR,Kroger,Consumer Staples,Food Retail,,operating,False,GICS sector Consumer Staples,,,False,False,False,False
0001944048,KVUE,Kenvue,Consumer Staples,Personal Care Products,,operating,False,GICS sector Consumer Staples,,,False,False,False,False
0000060086,L,Loews Corporation,Financials,Multi-line Insurance,40301030,article_7,True,GICS 40301030; income statement carries PremiumsEarnedNet and the balance sheet no AssetsCurrent,0000060086-26-000008,,False,False,False,False
0001336920,LDOS,Leidos,Industrials,Diversified Support Services,,operating,False,GICS sector Industrials,,,False,False,False,False
0000920760,LEN,Lennar,Consumer Discretionary,Homebuilding,,operating,False,GICS sector Consumer Discretionary,,,False,False,True,False
0000920148,LH,Labcorp,Health Care,Health Care Services,,operating,False,GICS sector Health Care,,,False,False,False,False
0000202058,LHX,L3Harris,Industrials,Aerospace & Defense,,operating,False,GICS sector Industrials,,,False,False,False,False
0001069202,LII,Lennox International,Industrials,Building Products,,operating,False,GICS sector Industrials,,,False,False,False,False
0001707925,LIN,Linde plc,Materials,Industrial Gases,,operating,False,GICS sector Materials,,,False,False,False,False
0001633978,LITE,Lumentum,Information Technology,Communications Equipment,,operating,False,GICS sector Information Technology,,,False,False,False,False
0000059478,LLY,Lilly (Eli),Health Care,Pharmaceuticals,,operating,False,GICS sector Health Care,,,False,False,False,False
0000936468,LMT,Lockheed Martin,Industrials,Aerospace & Defense,,operating,False,GICS sector Industrials,,,False,False,False,False
0000352541,LNT,Alliant Energy,Utilities,Electric Utilities,,operating,False,GICS sector Utilities,,,False,False,False,False
0000060667,LOW,Lowe's,Consumer Discretionary,Home Improvement Retail,,operating,False,GICS sector Consumer Discretionary,,,False,True,False,False
0000707549,LRCX,Lam Research,Information Technology,Semiconductor Materials & Equipment,,operating,False,GICS sector Information Technology,,,False,False,False,False
0001397187,LULU,Lululemon Athletica,Consumer Discretionary,"Apparel, Accessories & Luxury Goods",,operating,False,GICS sector Consumer Discretionary,,,False,False,False,False
0000092380,LUV,Southwest Airlines,Industrials,Passenger Airlines,,operating,False,GICS sector Industrials,,,False,False,False,False
0001300514,LVS,Las Vegas Sands,Consumer Discretionary,Casinos & Gaming,,operating,False,GICS sector Consumer Discretionary,,,False,False,False,False
0001489393,LYB,LyondellBasell,Materials,Specialty Chemicals,,operating,False,GICS sector Materials,,,False,False,False,False
0001335258,LYV,Live Nation Entertainment,Communication Services,Movies & Entertainment,,operating,False,GICS sector Communication Services,,,False,False,False,False
0001141391,MA,Mastercard,Financials,Transaction & Payment Processing Services,40201060,operating,False,GICS 40201060 is an operating company under APP-00,,,False,False,False,False
0000912595,MAA,Mid-America Apartment Communities,Real Estate,Multi-Family Residential REITs,,operating,False,GICS sector Real Estate,,,True,False,True,False
0001048286,MAR,Marriott International,Consumer Discretionary,"Hotels, Resorts & Cruise Lines",,operating,False,GICS sector Consumer Discretionary,,,False,True,False,False
0000062996,MAS,Masco,Industrials,Building Products,,operating,False,GICS sector Industrials,,,False,True,False,False
0000063908,MCD,McDonald's,Consumer Discretionary,Restaurants,,operating,False,GICS sector Consumer Discretionary,,,False,True,False,False
0000827054,MCHP,Microchip Technology,Information Technology,Semiconductors,,operating,False,GICS sector Information Technology,,,False,False,True,False
0000927653,MCK,McKesson Corporation,Health Care,Health Care Distributors,,operating,False,GICS sector Health Care,,,False,True,False,False
0001059556,MCO,Moody's Corporation,Financials,Financial Exchanges & Data,40203040,operating,False,GICS 40203040 is an operating company under APP-00,,,False,False,False,False
0001103982,MDLZ,Mondelez International,Consumer Staples,Packaged Foods & Meats,,operating,False,GICS sector Consumer Staples,,,False,False,False,False
0001613103,MDT,Medtronic,Health Care,Health Care Equipment,,operating,False,GICS sector Health Care,,,False,False,False,False
0001099219,MET,MetLife,Financials,Life & Health Insurance,40301020,article_7,True,GICS 40301020; income statement carries PremiumsEarnedNet and the balance sheet no AssetsCurrent,0001099219-26-000013,,False,False,True,False
0001326801,META,Meta Platforms,Communication Services,Interactive Media & Services,,operating,False,GICS sector Communication Services,,,False,False,False,False
0000789570,MGM,MGM Resorts,Consumer Discretionary,Casinos & Gaming,,operating,False,GICS sector Consumer Discretionary,,,False,False,False,False
0000063754,MKC,McCormick & Company,Consumer Staples,Packaged Foods & Meats,,operating,False,GICS sector Consumer Staples,,,False,False,True,False
0000916076,MLM,Martin Marietta Materials,Materials,Construction Materials,,operating,False,GICS sector Materials,,,False,False,False,False
0000066740,MMM,3M,Industrials,Industrial Conglomerates,,operating,False,GICS sector Industrials,,,False,False,False,False
0000865752,MNST,Monster Beverage,Consumer Staples,Soft Drinks & Non-alcoholic Beverages,,operating,False,GICS sector Consumer Staples,,,False,False,False,False
0000764180,MO,Altria,Consumer Staples,Tobacco,,operating,False,GICS sector Consumer Staples,,,False,,False,False
0001285785,MOS,Mosaic Company (The),Materials,Fertilizers & Agricultural Chemicals,,operating,False,GICS sector Materials,,,False,False,False,False
0001510295,MPC,Marathon Petroleum,Energy,Oil & Gas Refining & Marketing,,operating,False,GICS sector Energy,,,False,False,False,False
0001280452,MPWR,Monolithic Power Systems,Information Technology,Semiconductors,,operating,False,GICS sector Information Technology,,,False,False,False,False
0000310158,MRK,Merck & Co.,Health Care,Pharmaceuticals,,operating,False,GICS sector Health Care,,,False,False,False,False
0001682852,MRNA,Moderna,Health Care,Biotechnology,,operating,False,GICS sector Health Care,,,False,False,False,False
0000062709,MRSH,Marsh McLennan,Financials,Insurance Brokers,40301010,operating,False,GICS 40301010 is an operating company under APP-00,,,False,False,False,False
0001835632,MRVL,Marvell Technology,Information Technology,Semiconductors,,operating,False,GICS sector Information Technology,,,False,False,False,False
0000895421,MS,Morgan Stanley,Financials,Investment Banking & Brokerage,40203020,article_9,True,"the 10-K states it is a bank, financial or savings-and-loan holding company",0000895421-26-000086,"We are a financial holding company (&#8220;FHC&#8221;) regulated by the Board of Governors of the Federal Reserve System (&#8220;Federal Reserve&#8221;) under the Bank Holding Company Act of 1956, as amended (&#8220;BHC Act&#8221;).",False,False,True,False
0001408198,MSCI,MSCI,Financials,Financial Exchanges & Data,40203040,operating,False,GICS 40203040 is an operating company under APP-00,,,False,True,False,False
0000789019,MSFT,Microsoft,Information Technology,Systems Software,,operating,False,GICS sector Information Technology,,,False,False,False,False
0000068505,MSI,Motorola Solutions,Information Technology,Communications Equipment,,operating,False,GICS sector Information Technology,,,False,False,False,False
0000036270,MTB,M&T Bank,Financials,Regional Banks,40101015,article_9,True,"the 10-K states it is a bank, financial or savings-and-loan holding company",0000036270-26-000010,M&amp;T is a New York business corporation that has elected to be treated as an FHC under the BHCA and is a BHC under Article III-A of the New York Banking Law.,False,False,True,False
0001037646,MTD,Mettler Toledo,Health Care,Life Sciences Tools & Services,,operating,False,GICS sector Health Care,,,False,True,False,False
0000723125,MU,Micron Technology,Information Technology,Semiconductors,,operating,False,GICS sector Information Technology,,,False,False,False,False
0001513761,NCLH,Norwegian Cruise Line Holdings,Consumer Discretionary,"Hotels, Resorts & Cruise Lines",,operating,False,GICS sector Consumer Discretionary,,,False,False,False,False
0001120193,NDAQ,"Nasdaq, Inc.",Financials,Financial Exchanges & Data,40203040,operating,False,GICS 40203040 is an operating company under APP-00,,,False,False,False,False
0000072331,NDSN,Nordson Corporation,Industrials,Industrial Machinery & Supplies & Components,,operating,False,GICS sector Industrials,,,False,False,False,False
0000753308,NEE,NextEra Energy,Utilities,Multi-Utilities,,operating,False,GICS sector Utilities,,,False,False,True,False
0001164727,NEM,Newmont,Materials,Gold,,operating,False,GICS sector Materials,,,False,False,True,False
0001065280,NFLX,Netflix,Communication Services,Movies & Entertainment,,operating,False,GICS sector Communication Services,,,False,False,False,False
0001111711,NI,NiSource,Utilities,Multi-Utilities,,operating,False,GICS sector Utilities,,,False,False,False,False
0000320187,NKE,"Nike, Inc.",Consumer Discretionary,"Apparel, Accessories & Luxury Goods",,operating,False,GICS sector Consumer Discretionary,,,False,False,False,False
0001133421,NOC,Northrop Grumman,Industrials,Aerospace & Defense,,operating,False,GICS sector Industrials,,,False,False,False,False
0001373715,NOW,ServiceNow,Information Technology,Systems Software,,operating,False,GICS sector Information Technology,,,False,False,False,False
0001013871,NRG,NRG Energy,Utilities,Independent Power Producers & Energy Traders,,operating,False,GICS sector Utilities,,,False,False,False,False
0000702165,NSC,Norfolk Southern,Industrials,Rail Transportation,,operating,False,GICS sector Industrials,,,False,False,False,False
0001002047,NTAP,NetApp,Information Technology,"Technology Hardware, Storage & Peripherals",,operating,False,GICS sector Information Technology,,,False,False,False,False
0000073124,NTRS,Northern Trust,Financials,Asset Management & Custody Banks,40203010,article_9,True,"the 10-K states it is a bank, financial or savings-and-loan holding company",0000073124-26-000016,"The Corporation is a financial holding company conducting business through various U.S. and non-U.S. subsidiaries, including The Northern Trust Company (Bank).",False,False,True,False
0000073309,NUE,Nucor,Materials,Steel,,operating,False,GICS sector Materials,,,False,False,False,False
0001045810,NVDA,Nvidia,Information Technology,Semiconductors,,operating,False,GICS sector Information Technology,,,False,False,False,False
0000906163,NVR,"NVR, Inc.",Consumer Discretionary,Homebuilding,,operating,False,GICS sector Consumer Discretionary,,,False,False,False,False
0001564708,NWS/NWSA,News Corp(Class B),Communication Services,Publishing,,operating,False,GICS sector Communication Services,,,False,False,True,False
0001413447,NXPI,NXP Semiconductors,Information Technology,Semiconductors,,operating,False,GICS sector Information Technology,,,False,False,False,False
0000726728,O,Realty Income,Real Estate,Retail REITs,,operating,False,GICS sector Real Estate,,,True,False,False,False
0000878927,ODFL,Old Dominion,Industrials,Cargo Ground Transportation,,operating,False,GICS sector Industrials,,,False,False,False,False
0001039684,OKE,Oneok,Energy,Oil & Gas Storage & Transportation,,operating,False,GICS sector Energy,,,False,False,False,False
0000029989,OMC,Omnicom Group,Communication Services,Advertising,,operating,False,GICS sector Communication Services,,,False,False,False,False
0001097864,ON,ON Semiconductor,Information Technology,Semiconductors,,operating,False,GICS sector Information Technology,,,False,False,False,False
0001341439,ORCL,Oracle Corporation,Information Technology,Application Software,,operating,False,GICS sector Information Technology,,,False,False,True,False
0000898173,ORLY,O'Reilly Automotive,Consumer Discretionary,Automotive Retail,,operating,False,GICS sector Consumer Discretionary,,,False,True,False,False
0001781335,OTIS,Otis Worldwide,Industrials,Industrial Machinery & Supplies & Components,,operating,False,GICS sector Industrials,,,False,True,False,False
0000797468,OXY,Occidental Petroleum,Energy,Oil & Gas Exploration & Production,,operating,False,GICS sector Energy,,,False,False,True,False
0001327567,PANW,Palo Alto Networks,Information Technology,Systems Software,,operating,False,GICS sector Information Technology,,,False,False,False,False
0000723531,PAYX,Paychex,Industrials,Human Resource & Employment Services,,operating,False,GICS sector Industrials,,,False,False,False,False
0000075362,PCAR,Paccar,Industrials,Construction Machinery & Heavy Transportation Equipment,,operating,False,GICS sector Industrials,,,False,False,False,False
0001004980,PCG,PG&E Corporation,Utilities,Multi-Utilities,,operating,False,GICS sector Utilities,,,False,False,True,False
0000788784,PEG,Public Service Enterprise Group,Utilities,Electric Utilities,,operating,False,GICS sector Utilities,,,False,False,False,False
0000077476,PEP,PepsiCo,Consumer Staples,Soft Drinks & Non-alcoholic Beverages,,operating,False,GICS sector Consumer Staples,,,False,False,False,False
0000078003,PFE,Pfizer,Health Care,Pharmaceuticals,,operating,False,GICS sector Health Care,,,False,False,False,False
0001126328,PFG,Principal Financial Group,Financials,Life & Health Insurance,40301020,article_7,True,GICS 40301020; income statement carries PremiumsEarnedNet and the balance sheet no AssetsCurrent,0001104659-26-017031,,False,False,False,False
0000080424,PG,Procter & Gamble,Consumer Staples,Personal Care Products,,operating,False,GICS sector Consumer Staples,,,False,False,False,False
0000080661,PGR,Progressive Corporation,Financials,Property & Casualty Insurance,40301040,article_7,True,GICS 40301040; income statement carries PremiumsEarnedNet and the balance sheet no AssetsCurrent,0000080661-26-000086,,False,False,False,False
0000076334,PH,Parker Hannifin,Industrials,Industrial Machinery & Supplies & Components,,operating,False,GICS sector Industrials,,,False,False,False,False
0000822416,PHM,PulteGroup,Consumer Discretionary,Homebuilding,,operating,False,GICS sector Consumer Discretionary,,,False,False,False,False
0000075677,PKG,Packaging Corporation of America,Materials,Paper & Plastic Packaging Products & Materials,,operating,False,GICS sector Materials,,,False,False,False,False
0001045609,PLD,Prologis,Real Estate,Industrial REITs,,operating,False,GICS sector Real Estate,,,True,False,True,False
0001321655,PLTR,Palantir Technologies,Information Technology,Application Software,,operating,False,GICS sector Information Technology,,,False,False,False,False
0001413329,PM,Philip Morris International,Consumer Staples,Tobacco,,operating,False,GICS sector Consumer Staples,,,False,False,False,False
0000713676,PNC,PNC Financial Services,Financials,Diversified Banks,40101010,article_9,True,"the 10-K states it is a bank, financial or savings-and-loan holding company",0000713676-26-000020,"Supervision and Regulation The PNC Financial Services Group, Inc., is a BHC under the BHC Act that has elected to be an FHC under the GLB Act.",False,False,False,False
0000077360,PNR,Pentair,Industrials,Industrial Machinery & Supplies & Components,,operating,False,GICS sector Industrials,,,False,False,False,False
0000764622,PNW,Pinnacle West Capital,Utilities,Multi-Utilities,,operating,False,GICS sector Utilities,,,False,False,False,False
0001145197,PODD,Insulet Corporation,Health Care,Health Care Equipment,,operating,False,GICS sector Health Care,,,False,False,False,False
0000079879,PPG,PPG Industries,Materials,Specialty Chemicals,,operating,False,GICS sector Materials,,,False,False,False,False
0000922224,PPL,PPL Corporation,Utilities,Electric Utilities,,operating,False,GICS sector Utilities,,,False,False,True,False
0001137774,PRU,Prudential Financial,Financials,Life & Health Insurance,40301020,article_7,True,GICS 40301020; income statement carries PremiumsEarnedNet and the balance sheet no AssetsCurrent,0001137774-26-000048,,False,False,True,False
0001393311,PSA,Public Storage,Real Estate,Self-Storage REITs,,operating,False,GICS sector Real Estate,,,True,False,True,False
0002041610,PSKY,Paramount Skydance Corporation,Communication Services,Movies & Entertainment,,operating,False,GICS sector Communication Services,,,False,,False,False
0001534701,PSX,Phillips 66,Energy,Oil & Gas Refining & Marketing,,operating,False,GICS sector Energy,,,False,False,False,False
0000857005,PTC,PTC Inc.,Information Technology,Application Software,,operating,False,GICS sector Information Technology,,,False,False,False,False
0001050915,PWR,Quanta Services,Industrials,Construction & Engineering,,operating,False,GICS sector Industrials,,,False,False,False,False
0001633917,PYPL,PayPal,Financials,Transaction & Payment Processing Services,40201060,operating,False,GICS 40201060 is an operating company under APP-00,,,False,False,False,False
0002058873,Q,Qnity Electronics,Information Technology,Semiconductor Materials & Equipment,,operating,False,GICS sector Information Technology,,,False,False,False,False
0000804328,QCOM,Qualcomm,Information Technology,Semiconductors,,operating,False,GICS sector Information Technology,,,False,False,False,False
0000884887,RCL,Royal Caribbean Group,Consumer Discretionary,"Hotels, Resorts & Cruise Lines",,operating,False,GICS sector Consumer Discretionary,,,False,False,False,False
0001713445,RDDT,Reddit,Communication Services,Interactive Media & Services,,operating,False,GICS sector Communication Services,,,False,False,False,False
0000910606,REG,Regency Centers,Real Estate,Retail REITs,,operating,False,GICS sector Real Estate,,,True,False,True,False
0000872589,REGN,Regeneron Pharmaceuticals,Health Care,Biotechnology,,operating,False,GICS sector Health Care,,,False,False,False,False
0001281761,RF,Regions Financial Corporation,Financials,Regional Banks,40101015,article_9,True,"the 10-K states it is a bank, financial or savings-and-loan holding company",0001281761-26-000019,"Business Regions Financial Corporation is a FHC headquartered in Birmingham, Alabama operating in the South, Midwest and Texas.",False,False,True,False
0000720005,RJF,Raymond James Financial,Financials,Investment Banking & Brokerage,40203020,article_9,True,"the 10-K states it is a bank, financial or savings-and-loan holding company",0000720005-25-000093,"AND SUBSIDIARIES Index Banking supervision and regulation RJF is a BHC under the Bank Holding Company Act of 1956, as amended (the &#8220;BHC Act&#8221;), that has made an election to be a FHC and is subject to regulation, oversight and consolidated supervision, including periodic examination, by the Fed.",False,False,False,False
0001037038,RL,Ralph Lauren Corporation,Consumer Discretionary,"Apparel, Accessories & Luxury Goods",,operating,False,GICS sector Consumer Discretionary,,,False,False,False,False
0000943819,RMD,ResMed,Health Care,Health Care Equipment,,operating,False,GICS sector Health Care,,,False,False,True,False
0001024478,ROK,Rockwell Automation,Industrials,Electrical Components & Equipment,,operating,False,GICS sector Industrials,,,False,False,False,False
0000084839,ROL,"Rollins, Inc.",Industrials,Environmental & Facilities Services,,operating,False,GICS sector Industrials,,,False,False,False,False
0000882835,ROP,Roper Technologies,Information Technology,Electronic Equipment & Instruments,,operating,False,GICS sector Information Technology,,,False,False,False,False
0000745732,ROST,Ross Stores,Consumer Discretionary,Apparel Retail,,operating,False,GICS sector Consumer Discretionary,,,False,False,False,False
0001060391,RSG,Republic Services,Industrials,Environmental & Facilities Services,,operating,False,GICS sector Industrials,,,False,False,False,False
0000101829,RTX,RTX Corporation,Industrials,Aerospace & Defense,,operating,False,GICS sector Industrials,,,False,False,False,False
0000031791,RVTY,Revvity,Health Care,Health Care Equipment,,operating,False,GICS sector Health Care,,,False,False,False,False
0001034054,SBAC,SBA Communications,Real Estate,Telecom Tower REITs,,operating,False,GICS sector Real Estate,,,True,True,False,False
0000829224,SBUX,Starbucks,Consumer Discretionary,Restaurants,,operating,False,GICS sector Consumer Discretionary,,,False,True,False,False
0000316709,SCHW,Charles Schwab Corporation,Financials,Investment Banking & Brokerage,40203020,article_9,True,"the 10-K states it is a bank, financial or savings-and-loan holding company",0000316709-26-000009,Business General Corporate Overview The Charles Schwab Corporation (CSC) is a savings and loan holding company.,False,False,True,False
0000089800,SHW,Sherwin-Williams,Materials,Specialty Chemicals,,operating,False,GICS sector Materials,,,False,False,False,False
0000091419,SJM,J.M. Smucker Company (The),Consumer Staples,Packaged Foods & Meats,,operating,False,GICS sector Consumer Staples,,,False,False,False,False
0000087347,SLB,Schlumberger,Energy,Oil & Gas Equipment & Services,,operating,False,GICS sector Energy,,,False,False,False,False
0001375365,SMCI,Supermicro,Information Technology,"Technology Hardware, Storage & Peripherals",,operating,False,GICS sector Information Technology,,,False,False,True,False
0000091440,SNA,Snap-on,Industrials,Industrial Machinery & Supplies & Components,,operating,False,GICS sector Industrials,,,False,False,False,False
0002023554,SNDK,Sandisk,Information Technology,"Technology Hardware, Storage & Peripherals",,operating,False,GICS sector Information Technology,,,False,False,False,False
0000883241,SNPS,Synopsys,Information Technology,Application Software,,operating,False,GICS sector Information Technology,,,False,False,False,False
0000092122,SO,Southern Company,Utilities,Electric Utilities,,operating,False,GICS sector Utilities,,,False,False,True,False
0001964738,SOLV,Solventum,Health Care,Health Care Technology,,operating,False,GICS sector Health Care,,,False,False,False,False
0001063761,SPG,Simon Property Group,Real Estate,Retail REITs,,operating,False,GICS sector Real Estate,,,True,False,True,False
0000064040,SPGI,S&P Global,Financials,Financial Exchanges & Data,40203040,operating,False,GICS 40203040 is an operating company under APP-00,,,False,False,False,False
0001032208,SRE,Sempra,Utilities,Multi-Utilities,,operating,False,GICS sector Utilities,,,False,False,True,False
0001757898,STE,Steris,Health Care,Health Care Equipment,,operating,False,GICS sector Health Care,,,False,False,False,False
0001022671,STLD,Steel Dynamics,Materials,Steel,,operating,False,GICS sector Materials,,,False,False,False,False
0000093751,STT,State Street Corporation,Financials,Asset Management & Custody Banks,40203010,article_9,True,"the 10-K states it is a bank, financial or savings-and-loan holding company",0000093751-26-000124,"State Street Corporation, referred to as the Parent Company, was organized in 1969 under the law s of the Commonwealth of Massachusetts, and is a bank holding company that has elected to be treated as a financial holding company under the Bank Holding Company Act of 1956.",False,False,True,False
0001137789,STX,Seagate Technology,Information Technology,"Technology Hardware, Storage & Peripherals",,operating,False,GICS sector Information Technology,,,False,False,False,False
0000016918,STZ,Constellation Brands,Consumer Staples,Distillers & Vintners,,operating,False,GICS sector Consumer Staples,,,False,False,False,False
0002005951,SW,Smurfit Westrock,Materials,Paper & Plastic Packaging Products & Materials,,operating,False,GICS sector Materials,,,False,False,False,False
0000093556,SWK,Stanley Black & Decker,Industrials,Industrial Machinery & Supplies & Components,,operating,False,GICS sector Industrials,,,False,False,False,False
0000004127,SWKS,Skyworks Solutions,Information Technology,Semiconductors,,operating,False,GICS sector Information Technology,,,False,False,False,False
0001601712,SYF,Synchrony Financial,Financials,Consumer Finance,40202010,article_9,True,"the 10-K states it is a bank, financial or savings-and-loan holding company",0001601712-26-000006,"As a savings and loan holding company and financial holding company, Synchrony is subject to regulation, supervision and examination by the Federal Reserve Board.",False,False,True,False
0000310764,SYK,Stryker Corporation,Health Care,Health Care Equipment,,operating,False,GICS sector Health Care,,,False,False,False,False
0000096021,SYY,Sysco,Consumer Staples,Food Distributors,,operating,False,GICS sector Consumer Staples,,,False,False,False,False
0000732717,T,AT&T,Communication Services,Integrated Telecommunication Services,,operating,False,GICS sector Communication Services,,,False,False,True,False
0000024545,TAP,Molson Coors Beverage Company,Consumer Staples,Brewers,,operating,False,GICS sector Consumer Staples,,,False,False,True,False
0001260221,TDG,TransDigm Group,Industrials,Aerospace & Defense,,operating,False,GICS sector Industrials,,,False,True,False,False
0001094285,TDY,Teledyne Technologies,Information Technology,Electronic Equipment & Instruments,,operating,False,GICS sector Information Technology,,,False,False,False,False
0000842023,TECH,Bio-Techne,Health Care,Life Sciences Tools & Services,,operating,False,GICS sector Health Care,,,False,False,False,False
0001385157,TEL,TE Connectivity,Information Technology,Electronic Manufacturing Services,,operating,False,GICS sector Information Technology,,,False,False,False,False
0000097210,TER,Teradyne,Information Technology,Semiconductor Materials & Equipment,,operating,False,GICS sector Information Technology,,,False,False,False,False
0000092230,TFC,Truist Financial,Financials,Diversified Banks,40101010,article_9,True,"the 10-K states it is a bank, financial or savings-and-loan holding company",0000092230-26-000030,FHC Regulation Truist has elected to be treated as an FHC.,False,False,True,False
0000027419,TGT,Target Corporation,Consumer Staples,Consumer Staples Merchandise Retail,,operating,False,GICS sector Consumer Staples,,,False,False,False,False
0000109198,TJX,TJX Companies,Consumer Discretionary,Apparel Retail,,operating,False,GICS sector Consumer Discretionary,,,False,False,False,False
0001973266,TKO,TKO Group Holdings,Communication Services,Movies & Entertainment,,operating,False,GICS sector Communication Services,,,False,False,False,False
0000097745,TMO,Thermo Fisher Scientific,Health Care,Life Sciences Tools & Services,,operating,False,GICS sector Health Care,,,False,False,False,False
0001283699,TMUS,T-Mobile US,Communication Services,Wireless Telecommunication Services,,operating,False,GICS sector Communication Services,,,False,False,True,False
0001811074,TPL,Texas Pacific Land Corporation,Energy,Oil & Gas Exploration & Production,,operating,False,GICS sector Energy,,,False,False,False,False
0001116132,TPR,"Tapestry, Inc.",Consumer Discretionary,"Apparel, Accessories & Luxury Goods",,operating,False,GICS sector Consumer Discretionary,,,False,False,False,False
0001389170,TRGP,Targa Resources,Energy,Oil & Gas Storage & Transportation,,operating,False,GICS sector Energy,,,False,False,False,False
0000864749,TRMB,Trimble Inc.,Information Technology,Application Software,,operating,False,GICS sector Information Technology,,,False,False,False,False
0001113169,TROW,T. Rowe Price,Financials,Asset Management & Custody Banks,40203010,other_financial,True,"GICS 40203010, no Article 9 statement found in the 10-K",,,False,False,False,False
0000086312,TRV,Travelers Companies (The),Financials,Property & Casualty Insurance,40301040,article_7,True,GICS 40301040; income statement carries PremiumsEarnedNet and the balance sheet no AssetsCurrent,0000086312-26-000065,,False,False,False,False
0000916365,TSCO,Tractor Supply,Consumer Discretionary,Other Specialty Retail,,operating,False,GICS sector Consumer Discretionary,,,False,False,False,False
0001318605,TSLA,"Tesla, Inc.",Consumer Discretionary,Automobile Manufacturers,,operating,False,GICS sector Consumer Discretionary,,,False,False,False,False
0000100493,TSN,Tyson Foods,Consumer Staples,Packaged Foods & Meats,,operating,False,GICS sector Consumer Staples,,,False,False,False,False
0001466258,TT,Trane Technologies,Industrials,Building Products,,operating,False,GICS sector Industrials,,,False,False,False,False
0001671933,TTD,Trade Desk (The),Communication Services,Advertising,,operating,False,GICS sector Communication Services,,,False,False,False,False
0000946581,TTWO,Take-Two Interactive,Communication Services,Interactive Home Entertainment,,operating,False,GICS sector Communication Services,,,False,False,False,False
0000097476,TXN,Texas Instruments,Information Technology,Semiconductors,,operating,False,GICS sector Information Technology,,,False,False,False,False
0000217346,TXT,Textron,Industrials,Aerospace & Defense,,operating,False,GICS sector Industrials,,,False,False,False,False
0000860731,TYL,Tyler Technologies,Information Technology,Application Software,,operating,False,GICS sector Information Technology,,,False,False,False,False
0000100517,UAL,United Airlines Holdings,Industrials,Passenger Airlines,,operating,False,GICS sector Industrials,,,False,False,False,False
0001543151,UBER,Uber,Industrials,Passenger Ground Transportation,,operating,False,GICS sector Industrials,,,False,False,False,False
0000074208,UDR,"UDR, Inc.",Real Estate,Multi-Family Residential REITs,,operating,False,GICS sector Real Estate,,,True,False,False,False
0000352915,UHS,Universal Health Services,Health Care,Health Care Facilities,,operating,False,GICS sector Health Care,,,False,False,False,False
0001403568,ULTA,Ulta Beauty,Consumer Discretionary,Other Specialty Retail,,operating,False,GICS sector Consumer Discretionary,,,False,False,False,False
0000731766,UNH,UnitedHealth Group,Health Care,Managed Health Care,,operating,False,GICS sector Health Care,,,False,False,False,False
0000100885,UNP,Union Pacific Corporation,Industrials,Rail Transportation,,operating,False,GICS sector Industrials,,,False,False,False,False
0001090727,UPS,United Parcel Service,Industrials,Air Freight & Logistics,,operating,False,GICS sector Industrials,,,False,False,False,False
0001067701,URI,United Rentals,Industrials,Trading Companies & Distributors,,operating,False,GICS sector Industrials,,,False,False,False,False
0000036104,USB,U.S. Bancorp,Financials,Diversified Banks,40101010,article_9,True,"the 10-K states it is a bank, financial or savings-and-loan holding company",0000036104-26-000011,"Bancorp is registered as a bank holding company under the Bank Holding Company Act of 1956 (the &#8220;BHC Act&#8221;), and has elected to be treated as a financial holding company under the BHC Act.",False,False,True,False
0001403161,V,Visa Inc.,Financials,Transaction & Payment Processing Services,40201060,operating,False,GICS 40201060 is an operating company under APP-00,,,False,False,False,False
0001393052,VEEV,Veeva Systems,Health Care,Health Care Technology,,operating,False,GICS sector Health Care,,,False,False,False,False
0001705696,VICI,Vici Properties,Real Estate,Hotel & Resort REITs,,operating,False,GICS sector Real Estate,,,True,False,False,False
0001035002,VLO,Valero Energy,Energy,Oil & Gas Refining & Marketing,,operating,False,GICS sector Energy,,,False,False,False,False
0001967680,VLTO,Veralto,Industrials,Environmental & Facilities Services,,operating,False,GICS sector Industrials,,,False,False,False,False
0001396009,VMC,Vulcan Materials Company,Materials,Construction Materials,,operating,False,GICS sector Materials,,,False,False,False,False
0000906107,VMRK,Vivmark Residential,Real Estate,Multi-Family Residential REITs,,operating,False,GICS sector Real Estate,,,True,False,False,False
0001442145,VRSK,Verisk Analytics,Industrials,Research & Consulting Services,,operating,False,GICS sector Industrials,,,False,False,False,False
0001014473,VRSN,Verisign,Information Technology,Internet Services & Infrastructure,,operating,False,GICS sector Information Technology,,,False,True,False,False
0001674101,VRT,Vertiv,Industrials,Electrical Components & Equipment,,operating,False,GICS sector Industrials,,,False,False,False,False
0000875320,VRTX,Vertex Pharmaceuticals,Health Care,Biotechnology,,operating,False,GICS sector Health Care,,,False,False,False,False
0001692819,VST,Vistra Corp.,Utilities,Electric Utilities,,operating,False,GICS sector Utilities,,,False,False,False,False
0000740260,VTR,Ventas,Real Estate,Health Care REITs,,operating,False,GICS sector Real Estate,,,True,False,False,False
0001792044,VTRS,Viatris,Health Care,Pharmaceuticals,,operating,False,GICS sector Health Care,,,False,False,False,False
0000732712,VZ,Verizon,Communication Services,Integrated Telecommunication Services,,operating,False,GICS sector Communication Services,,,False,False,False,False
0000943452,WAB,Wabtec,Industrials,Construction Machinery & Heavy Transportation Equipment,,operating,False,GICS sector Industrials,,,False,False,False,False
0001000697,WAT,Waters Corporation,Health Care,Life Sciences Tools & Services,,operating,False,GICS sector Health Care,,,False,False,False,False
0001437107,WBD,Warner Bros. Discovery,Communication Services,Broadcasting,,operating,False,GICS sector Communication Services,,,False,False,False,False
0001327811,WDAY,"Workday, Inc.",Information Technology,Application Software,,operating,False,GICS sector Information Technology,,,False,False,False,False
0000106040,WDC,Western Digital,Information Technology,"Technology Hardware, Storage & Peripherals",,operating,False,GICS sector Information Technology,,,False,False,False,False
0000783325,WEC,WEC Energy Group,Utilities,Electric Utilities,,operating,False,GICS sector Utilities,,,False,,False,False
0000766704,WELL,Welltower,Real Estate,Health Care REITs,,operating,False,GICS sector Real Estate,,,True,False,False,False
0000072971,WFC,Wells Fargo,Financials,Diversified Banks,40101010,article_9,True,"the 10-K states it is a bank, financial or savings-and-loan holding company",0000072971-26-000133,"BUSINESS Wells Fargo &amp; Company is a corporation organized under the laws of Delaware and a financial holding company and a bank holding company registered under the Bank Holding Company Act of 1956, as amended (BHC Act).",False,False,True,False
0000823768,WM,Waste Management,Industrials,Environmental & Facilities Services,,operating,False,GICS sector Industrials,,,False,False,False,False
0000107263,WMB,Williams Companies,Energy,Oil & Gas Storage & Transportation,,operating,False,GICS sector Energy,,,False,False,False,False
0000104169,WMT,Walmart,Consumer Staples,Consumer Staples Merchandise Retail,,operating,False,GICS sector Consumer Staples,,,False,False,False,False
0000011544,WRB,W. R. Berkley Corporation,Financials,Property & Casualty Insurance,40301040,article_7,True,GICS 40301040; income statement carries PremiumsEarnedNet and the balance sheet no AssetsCurrent,0000011544-26-000005,,False,False,True,False
0000719955,WSM,"Williams-Sonoma, Inc.",Consumer Discretionary,Homefurnishing Retail,,operating,False,GICS sector Consumer Discretionary,,,False,False,False,False
0000105770,WST,West Pharmaceutical Services,Health Care,Health Care Supplies,,operating,False,GICS sector Health Care,,,False,False,False,False
0001140536,WTW,Willis Towers Watson,Financials,Insurance Brokers,40301010,operating,False,GICS 40301010 is an operating company under APP-00,,,False,False,False,False
0000106535,WY,Weyerhaeuser,Real Estate,Timber REITs,,operating,False,GICS sector Real Estate,,,True,False,False,False
0001174922,WYNN,Wynn Resorts,Consumer Discretionary,Casinos & Gaming,,operating,False,GICS sector Consumer Discretionary,,,False,True,False,False
0000072903,XEL,Xcel Energy,Utilities,Multi-Utilities,,operating,False,GICS sector Utilities,,,False,False,True,False
0002115436,XOM,ExxonMobil,Energy,Integrated Oil & Gas,,operating,False,GICS sector Energy,,,False,False,False,False
0001524472,XYL,Xylem Inc.,Industrials,Industrial Machinery & Supplies & Components,,operating,False,GICS sector Industrials,,,False,False,False,False
0001512673,XYZ,"Block, Inc.",Financials,Transaction & Payment Processing Services,40201060,operating,False,GICS 40201060 is an operating company under APP-00,,,False,False,True,False
0001041061,YUM,Yum! Brands,Consumer Discretionary,Restaurants,,operating,False,GICS sector Consumer Discretionary,,,False,True,False,False
0001136869,ZBH,Zimmer Biomet,Health Care,Health Care Equipment,,operating,False,GICS sector Health Care,,,False,False,False,False
0000877212,ZBRA,Zebra Technologies,Information Technology,Electronic Equipment & Instruments,,operating,False,GICS sector Information Technology,,,False,False,False,False
0001555280,ZTS,Zoetis,Health Care,Pharmaceuticals,,operating,False,GICS sector Health Care,,,False,False,False,False
