ticker,company,type,overlays,gics_sub_industry,latest_10k,revenue_line,revenue_expected,net_income_line,equity_line,long_term_debt_line,short_term_debt_lines,debt_expected,capex_resolved,capex_lines_filed,capex_expected,ffo,share_basis,agree,to_check_by_hand
APA,APA Corporation,operating,none,Oil & Gas Exploration & Production,0001841666-26-000015 (FY ending 2025-12-31),Revenues [total],the filed total (Revenues / RevenueFromContractWithCustomer...) -- never a component (CON-11),ProfitLoss [concept],StockholdersEquity [concept],LongTermDebtAndCapitalLeaseObligations [concept],DebtCurrent,"narrowest long-term line first, current maturities not counted twice, operating leases excluded; the combined debt-and-lease element only when it is the only line, flagged (MET-07)",PaymentsToExploreAndDevelopOilAndGasProperties [fallback1],PaymentsToExploreAndDevelopOilAndGasProperties,"exploration & development, plus equipment lines when separate (MET-08 (c) tie-break); never mineral-interest purchases or business acquisitions (MET-08 (a))",n/a,"cover-page total, all classes (MKT-03/04); one price per class",no,long-term debt is a combined debt-and-lease element: must be flagged (MET-07); net income is ProfitLoss (includes NCI): parent earnings expected (ID-03)
APO,Apollo Global Management,other_financial,multi-class,Asset Management & Custody Banks,0001858681-26-000013 (FY ending 2025-12-31),Revenues [total],the filed total revenue concept (CON-11); fees for managers and brokers,ProfitLoss [concept],StockholdersEquity [concept],LongTermDebt [concept],(none filed),"narrowest long-term line first, current maturities not counted twice, operating leases excluded; the combined debt-and-lease element only when it is the only line, flagged (MET-07)",(none resolved),PaymentsToAcquireBusinessesNetOfCashAcquired,not applicable (APP-02b),n/a,"cover-page total, all classes (MKT-03/04); one price per class",no,net income is ProfitLoss (includes NCI): parent earnings expected (ID-03)
BF.B,Brown–Forman,operating,multi-class,Distillers & Vintners,0000014693-26-000024 (FY ending 2026-04-30),RevenueFromContractWithCustomerExcludingAssessedTax + RevenueFromContractWithCustomerIncludingAssessedTax [sum],the filed total (Revenues / RevenueFromContractWithCustomer...) -- never a component (CON-11),NetIncomeLoss [concept],StockholdersEquity [concept],LongTermDebtNoncurrent [concept],"ShortTermBorrowings, LongTermDebtCurrent","narrowest long-term line first, current maturities not counted twice, operating leases excluded; the combined debt-and-lease element only when it is the only line, flagged (MET-07)",PaymentsToAcquirePropertyPlantAndEquipment [concept],PaymentsToAcquirePropertyPlantAndEquipment,PP&E payments; productive assets only as a flagged fallback (MET-08),n/a,"cover-page total, all classes (MKT-03/04); one price per class",yes (by the resolver's tags; confirm by hand),5-8 metrics against the 10-K
CPT,Camden Property Trust,operating,REIT,Multi-Family Residential REITs,0001628280-26-007697 (FY ending 2025-12-31),OperatingLeaseLeaseIncome + RevenueFromContractWithCustomerExcludingAssessedTax [sum],the filed total (Revenues / RevenueFromContractWithCustomer...) -- never a component (CON-11),ProfitLoss [concept],StockholdersEquity [concept],(none resolved),(none filed),"narrowest long-term line first, current maturities not counted twice, operating leases excluded; the combined debt-and-lease element only when it is the only line, flagged (MET-07)",label_fallback [label_fallback],"PaymentsToAcquireRealEstate, PaymentsToAcquireOtherPropertyPlantAndEquipment",corporate items + existing properties + development + acquisitions (APP-04b); PaymentsForCapitalImprovements never added to an acquisition line,not computed (L-02),"cover-page total, all classes (MKT-03/04); one price per class",no,capex via label_fallback; net income is ProfitLoss (includes NCI): parent earnings expected (ID-03)
ESS,Essex Property Trust,operating,REIT,Multi-Family Residential REITs,0000920522-26-000003 (FY ending 2025-12-31),Revenues [total],the filed total (Revenues / RevenueFromContractWithCustomer...) -- never a component (CON-11),ProfitLoss [concept],StockholdersEquity [concept],(none resolved),(none filed),"narrowest long-term line first, current maturities not counted twice, operating leases excluded; the combined debt-and-lease element only when it is the only line, flagged (MET-07)",(none resolved),PaymentsToAcquireRealEstate,corporate items + existing properties + development + acquisitions (APP-04b); PaymentsForCapitalImprovements never added to an acquisition line,not computed (L-02),"cover-page total, all classes (MKT-03/04); one price per class",no,net income is ProfitLoss (includes NCI): parent earnings expected (ID-03)
HOOD,Robinhood Markets,other_financial,none,Investment Banking & Brokerage,0001783879-26-000029 (FY ending 2025-12-31),Revenues [total],the filed total revenue concept (CON-11); fees for managers and brokers,NetIncomeLoss [concept],StockholdersEquityIncludingPortionAttributableToNoncontrollingInterest [concept],(none resolved),(none filed),"narrowest long-term line first, current maturities not counted twice, operating leases excluded; the combined debt-and-lease element only when it is the only line, flagged (MET-07)",(none resolved),(none),not applicable (APP-02b),n/a,"cover-page total, all classes (MKT-03/04); one price per class",yes (by the resolver's tags; confirm by hand),5-8 metrics against the 10-K
HUM,Humana,operating,none,Managed Health Care,0000049071-26-000009 (FY ending 2025-12-31),Revenues [total],the filed total (Revenues / RevenueFromContractWithCustomer...) -- never a component (CON-11),ProfitLoss [concept],StockholdersEquity [concept],LongTermDebtNoncurrent [concept],DebtCurrent,"narrowest long-term line first, current maturities not counted twice, operating leases excluded; the combined debt-and-lease element only when it is the only line, flagged (MET-07)",PaymentsToAcquirePropertyPlantAndEquipment [concept],"PaymentsToAcquireBusinessesNetOfCashAcquired, PaymentsToAcquirePropertyPlantAndEquipment",PP&E payments; productive assets only as a flagged fallback (MET-08),n/a,"cover-page total, all classes (MKT-03/04); one price per class",no,net income is ProfitLoss (includes NCI): parent earnings expected (ID-03)
MA,Mastercard,operating,none,Transaction & Payment Processing Services,0001141391-26-000013 (FY ending 2025-12-31),Revenues [total],the filed total (Revenues / RevenueFromContractWithCustomer...) -- never a component (CON-11),ProfitLoss [concept],StockholdersEquity [concept],LongTermDebtNoncurrent [concept],LongTermDebtCurrent,"narrowest long-term line first, current maturities not counted twice, operating leases excluded; the combined debt-and-lease element only when it is the only line, flagged (MET-07)",PaymentsToAcquirePropertyPlantAndEquipment [concept],"PaymentsToAcquirePropertyPlantAndEquipment, PaymentsToAcquireBusinessesNetOfCashAcquired",PP&E payments; productive assets only as a flagged fallback (MET-08),n/a,"cover-page total, all classes (MKT-03/04); one price per class",no,net income is ProfitLoss (includes NCI): parent earnings expected (ID-03)
MCD,McDonald's,operating,negative equity,Restaurants,0000063908-26-000035 (FY ending 2025-12-31),Revenues [total],the filed total (Revenues / RevenueFromContractWithCustomer...) -- never a component (CON-11),NetIncomeLoss [concept],StockholdersEquity [concept],LongTermDebtNoncurrent [concept],(none filed),"narrowest long-term line first, current maturities not counted twice, operating leases excluded; the combined debt-and-lease element only when it is the only line, flagged (MET-07)",PaymentsToAcquirePropertyPlantAndEquipment [concept],PaymentsToAcquirePropertyPlantAndEquipment,PP&E payments; productive assets only as a flagged fallback (MET-08),n/a,"cover-page total, all classes (MKT-03/04); one price per class",yes (by the resolver's tags; confirm by hand),5-8 metrics against the 10-K
NEE,NextEra Energy,operating,multi-class,Multi-Utilities,0000753308-26-000015 (FY ending 2025-12-31),RegulatedAndUnregulatedOperatingRevenue [total],the filed total (Revenues / RevenueFromContractWithCustomer...) -- never a component (CON-11),ProfitLoss [concept],StockholdersEquity [concept],LongTermDebtNoncurrent [concept],"CommercialPaper, LongTermDebtCurrent","narrowest long-term line first, current maturities not counted twice, operating leases excluded; the combined debt-and-lease element only when it is the only line, flagged (MET-07)",(none resolved),(none),"PP&E payments (PaymentsToAcquirePropertyPlantAndEquipment); a utility's construction expenditures, no acquisitions (MET-08)",n/a,"cover-page total, all classes (MKT-03/04); one price per class",no,net income is ProfitLoss (includes NCI): parent earnings expected (ID-03)
PG,Procter & Gamble,operating,none,Personal Care Products,0000080424-26-000103 (FY ending 2026-06-30),Revenues [total],the filed total (Revenues / RevenueFromContractWithCustomer...) -- never a component (CON-11),ProfitLoss [concept],StockholdersEquityIncludingPortionAttributableToNoncontrollingInterest [concept],LongTermDebtNoncurrent [concept],DebtCurrent,"narrowest long-term line first, current maturities not counted twice, operating leases excluded; the combined debt-and-lease element only when it is the only line, flagged (MET-07)",PaymentsToAcquirePropertyPlantAndEquipment [concept],"PaymentsToAcquirePropertyPlantAndEquipment, PaymentsToAcquireBusinessesNetOfCashAcquired",PP&E payments; productive assets only as a flagged fallback (MET-08),n/a,"cover-page total, all classes (MKT-03/04); one price per class",no,net income is ProfitLoss (includes NCI): parent earnings expected (ID-03)
PM,Philip Morris International,operating,none,Tobacco,0001628280-26-005939 (FY ending 2025-12-31),RevenueFromContractWithCustomerExcludingAssessedTax [concept],the filed total (Revenues / RevenueFromContractWithCustomer...) -- never a component (CON-11),ProfitLoss [concept],StockholdersEquityBeforeTreasuryStock [label],LongTermDebtAndCapitalLeaseObligations [concept],ShortTermBorrowings,"narrowest long-term line first, current maturities not counted twice, operating leases excluded; the combined debt-and-lease element only when it is the only line, flagged (MET-07)",PaymentsToAcquirePropertyPlantAndEquipment [concept],PaymentsToAcquirePropertyPlantAndEquipment,PP&E payments; productive assets only as a flagged fallback (MET-08),n/a,"cover-page total, all classes (MKT-03/04); one price per class",no,long-term debt is a combined debt-and-lease element: must be flagged (MET-07); net income is ProfitLoss (includes NCI): parent earnings expected (ID-03)
PSX,Phillips 66,operating,none,Oil & Gas Refining & Marketing,0001534701-26-000006 (FY ending 2025-12-31),RevenueFromContractWithCustomerExcludingAssessedTax [concept],the filed total (Revenues / RevenueFromContractWithCustomer...) -- never a component (CON-11),ProfitLoss [concept],StockholdersEquity [concept],LongTermDebtAndCapitalLeaseObligations [concept],DebtCurrent,"narrowest long-term line first, current maturities not counted twice, operating leases excluded; the combined debt-and-lease element only when it is the only line, flagged (MET-07)",label_fallback [label_fallback],PaymentsToAcquireBusinessesNetOfCashAcquired,PP&E payments; productive assets only as a flagged fallback (MET-08),n/a,"cover-page total, all classes (MKT-03/04); one price per class",no,long-term debt is a combined debt-and-lease element: must be flagged (MET-07); capex via label_fallback; net income is ProfitLoss (includes NCI): parent earnings expected (ID-03)
SBAC,SBA Communications,operating,"REIT, negative equity",Telecom Tower REITs,0001034054-26-000002 (FY ending 2025-12-31),Revenues [total],the filed total (Revenues / RevenueFromContractWithCustomer...) -- never a component (CON-11),ProfitLoss [concept],StockholdersEquity [concept],LongTermDebtNoncurrent [concept],LongTermDebtCurrent,"narrowest long-term line first, current maturities not counted twice, operating leases excluded; the combined debt-and-lease element only when it is the only line, flagged (MET-07)",PaymentsToAcquirePropertyPlantAndEquipment [concept],"PaymentsToAcquireBusinessesNetOfCashAcquired, PaymentsToAcquirePropertyPlantAndEquipment",corporate items + existing properties + development + acquisitions (APP-04b); PaymentsForCapitalImprovements never added to an acquisition line,not computed (L-02),"cover-page total, all classes (MKT-03/04); one price per class",no,net income is ProfitLoss (includes NCI): parent earnings expected (ID-03)
STZ,Constellation Brands,operating,none,Distillers & Vintners,0000016918-26-000011 (FY ending 2026-02-28),RevenueFromContractWithCustomerExcludingAssessedTax + RevenueFromContractWithCustomerIncludingAssessedTax [sum],the filed total (Revenues / RevenueFromContractWithCustomer...) -- never a component (CON-11),NetIncomeLoss [concept],StockholdersEquity [concept],LongTermDebtNoncurrent [concept],"ShortTermBorrowings, LongTermDebtCurrent","narrowest long-term line first, current maturities not counted twice, operating leases excluded; the combined debt-and-lease element only when it is the only line, flagged (MET-07)",PaymentsToAcquirePropertyPlantAndEquipment [concept],"PaymentsToAcquirePropertyPlantAndEquipment, PaymentsToAcquireBusinessesNetOfCashAcquired",PP&E payments; productive assets only as a flagged fallback (MET-08),n/a,"cover-page total, all classes (MKT-03/04); one price per class",yes (by the resolver's tags; confirm by hand),5-8 metrics against the 10-K
T,AT&T,operating,multi-class,Integrated Telecommunication Services,0000732717-26-000120 (FY ending 2025-12-31),Revenues [total],the filed total (Revenues / RevenueFromContractWithCustomer...) -- never a component (CON-11),ProfitLoss [concept],StockholdersEquityIncludingPortionAttributableToNoncontrollingInterest [concept],LongTermDebtAndCapitalLeaseObligations [concept],DebtCurrent,"narrowest long-term line first, current maturities not counted twice, operating leases excluded; the combined debt-and-lease element only when it is the only line, flagged (MET-07)",PaymentsToAcquireProductiveAssets [concept],"PaymentsToAcquireProductiveAssets, PaymentsToAcquireBusinessesNetOfCashAcquired",PP&E payments; productive assets only as a flagged fallback (MET-08),n/a,"cover-page total, all classes (MKT-03/04); one price per class",no,long-term debt is a combined debt-and-lease element: must be flagged (MET-07); net income is ProfitLoss (includes NCI): parent earnings expected (ID-03)
UDR,"UDR, Inc.",operating,REIT,Multi-Family Residential REITs,0000074208-26-000013 (FY ending 2025-12-31),Revenues [total],the filed total (Revenues / RevenueFromContractWithCustomer...) -- never a component (CON-11),ProfitLoss [concept],StockholdersEquity [concept],(none resolved),(none filed),"narrowest long-term line first, current maturities not counted twice, operating leases excluded; the combined debt-and-lease element only when it is the only line, flagged (MET-07)",PaymentsForCapitalImprovements [concept],PaymentsForCapitalImprovements,corporate items + existing properties + development + acquisitions (APP-04b); PaymentsForCapitalImprovements never added to an acquisition line,not computed (L-02),"cover-page total, all classes (MKT-03/04); one price per class",no,net income is ProfitLoss (includes NCI): parent earnings expected (ID-03)
WAT,Waters Corporation,operating,none,Life Sciences Tools & Services,0001193125-26-062604 (FY ending 2025-12-31),RevenueFromContractWithCustomerExcludingAssessedTax [concept],the filed total (Revenues / RevenueFromContractWithCustomer...) -- never a component (CON-11),NetIncomeLossAvailableToCommonStockholdersBasic [concept],StockholdersEquity [concept],LongTermDebtNoncurrent [concept],(none filed),"narrowest long-term line first, current maturities not counted twice, operating leases excluded; the combined debt-and-lease element only when it is the only line, flagged (MET-07)",PaymentsToAcquireProductiveAssets [concept],"PaymentsToAcquireProductiveAssets, PaymentsToAcquireBusinessesNetOfCashAcquired",PP&E payments; productive assets only as a flagged fallback (MET-08),n/a,"cover-page total, all classes (MKT-03/04); one price per class",no,"net income is after preferred dividends, not parent net income (N13: DECIDE)"
WFC,Wells Fargo,article_9,multi-class,Diversified Banks,0000072971-26-000133 (FY ending 2025-12-31),RevenuesNetOfInterestExpense [total],the total net revenue concept (Revenues or RevenuesNetOfInterestExpense); no cost of sales (APP-01),NetIncomeLoss [concept],StockholdersEquity [concept],LongTermDebt [concept],ShortTermBorrowings,"narrowest long-term line first, current maturities not counted twice, operating leases excluded; the combined debt-and-lease element only when it is the only line, flagged (MET-07)",(none resolved),(none),not applicable (APP-02b),n/a,"cover-page total, all classes (MKT-03/04); one price per class",yes (by the resolver's tags; confirm by hand),5-8 metrics against the 10-K
XOM,ExxonMobil,operating,none,Integrated Oil & Gas,0000034088-26-000045 (FY ending 2025-12-31),Revenues [total],the filed total (Revenues / RevenueFromContractWithCustomer...) -- never a component (CON-11),ProfitLoss [concept],StockholdersEquity [concept],LongTermDebtAndCapitalLeaseObligations [concept],DebtCurrent,"narrowest long-term line first, current maturities not counted twice, operating leases excluded; the combined debt-and-lease element only when it is the only line, flagged (MET-07)",PaymentsToAcquirePropertyPlantAndEquipment [concept],PaymentsToAcquirePropertyPlantAndEquipment,PP&E payments; productive assets only as a flagged fallback (MET-08),n/a,"cover-page total, all classes (MKT-03/04); one price per class",no,long-term debt is a combined debt-and-lease element: must be flagged (MET-07); net income is ProfitLoss (includes NCI): parent earnings expected (ID-03)
TRV,Travelers Companies (The),article_7,none,Property & Casualty Insurance,0000086312-26-000065 (FY ending 2025-12-31),Revenues [total],premiums plus investment income (APP-03); no cost of sales,NetIncomeLoss [concept],StockholdersEquity [concept],(none resolved),(none filed),"narrowest long-term line first, current maturities not counted twice, operating leases excluded; the combined debt-and-lease element only when it is the only line, flagged (MET-07)",(none resolved),"PaymentsToAcquireRealEstateHeldForInvestment, PaymentsToAcquireBusinessesNetOfCashAcquired",not applicable (APP-02b),n/a,"cover-page total, all classes (MKT-03/04); one price per class",yes (by the resolver's tags; confirm by hand),5-8 metrics against the 10-K
GOOGL,Alphabet Inc.(Class C),operating,multi-class,Interactive Media & Services,0001652044-26-000018 (FY ending 2025-12-31),Revenues [total],the filed total (Revenues / RevenueFromContractWithCustomer...) -- never a component (CON-11),NetIncomeLoss [concept],StockholdersEquity [concept],LongTermDebtNoncurrent [concept],(none filed),"narrowest long-term line first, current maturities not counted twice, operating leases excluded; the combined debt-and-lease element only when it is the only line, flagged (MET-07)",PaymentsToAcquirePropertyPlantAndEquipment [concept],PaymentsToAcquirePropertyPlantAndEquipment,PP&E payments; productive assets only as a flagged fallback (MET-08),n/a,"cover-page total, all classes (MKT-03/04); one price per class",yes (by the resolver's tags; confirm by hand),5-8 metrics against the 10-K
BRK.B,Berkshire Hathaway,multi_sector_holding,multi-class,Multi-Sector Holdings,0001193125-26-083899 (FY ending 2025-12-31),Revenues [total],the filed total (Revenues / RevenueFromContractWithCustomer...) -- never a component (CON-11),ProfitLoss [concept],StockholdersEquity [concept],(none resolved),(none filed),"narrowest long-term line first, current maturities not counted twice, operating leases excluded; the combined debt-and-lease element only when it is the only line, flagged (MET-07)",PaymentsToAcquirePropertyPlantAndEquipment [concept],"PaymentsToAcquireBusinessesNetOfCashAcquired, PaymentsToAcquirePropertyPlantAndEquipment",PP&E payments; productive assets only as a flagged fallback (MET-08),n/a,"cover-page total, all classes (MKT-03/04); one price per class",no,net income is ProfitLoss (includes NCI): parent earnings expected (ID-03)
