ticker,cik,accession,form,fiscal_period,column_period_end,column_tag,column_kind,method,status,derived_value,resolver_value,anchor_label,anchor_value,between_rows,guard,guard_pass,filed_total,also_derived_in_filings,expost_accession,expost_column,expost_value,expost_difference,expost_difference_pct,expost_note,verified_by,verified_on
ADP,0000008670,0000008670-22-000038,10-K,FY2022,2020-06-30,FY,comparative,T-140,refused,,14589800000.0,TOTAL COSTS OF REVENUES,8445100000.0,7404100000;674100000;366900000,rows between <= 25% of the anchor,False,,0,,,,,,no later comparative column stored,,
ADP,0000008670,0000008670-22-000038,10-K,FY2022,2021-06-30,FY,comparative,T-140,refused,,15005400000.0,TOTAL COSTS OF REVENUES,8640300000.0,7520700000;716600000;403000000,rows between <= 25% of the anchor,False,,1,,,,,,no later comparative column stored,,
ADP,0000008670,0000008670-22-000046,10-Q,2022Q1,2021-09-30,Q1,comparative,T-140,refused,,3832300000.0,TOTAL COSTS OF REVENUES,2222600000.0,1930800000;188800000;103000000,rows between <= 25% of the anchor,False,,0,,,,,,no later comparative column stored,,
ADP,0000008670,0000008670-22-000038,10-K,FY2022,2022-06-30,FY,own,T-140,refused,,16498300000.0,TOTAL COSTS OF REVENUES,9461900000.0,8252600000;798600000;410700000,rows between <= 25% of the anchor,False,,2,,,,,,no later comparative column stored,,
ADP,0000008670,0000008670-22-000046,10-Q,2022Q1,2022-09-30,Q1,own,T-140,refused,,4215600000.0,TOTAL COSTS OF REVENUES,2393600000.0,2074400000;209800000;109400000,rows between <= 25% of the anchor,False,,1,,,,,,no later comparative column stored,,
ADP,0000008670,0000008670-23-000030,10-K,FY2023,2023-06-30,FY,own,T-140,refused,,18012200000.0,TOTAL COSTS OF REVENUES,9953400000.0,8657400000;844800000;451200000,rows between <= 25% of the anchor,False,,2,,,,,,no later comparative column stored,,
ADP,0000008670,0000008670-23-000040,10-Q,2023Q1,2023-09-30,Q1,own,T-140,refused,,4512400000.0,TOTAL COSTS OF REVENUES,2515400000.0,2157600000;236500000;121300000,rows between <= 25% of the anchor,False,,1,,,,,,no later comparative column stored,,
ADP,0000008670,0000008670-24-000024,10-K,FY2024,2024-06-30,FY,own,T-140,refused,,19202600000.0,TOTAL COSTS OF REVENUES,10476700000.0,9050100000;955700000;470900000,rows between <= 25% of the anchor,False,,2,,,,,,no later comparative column stored,,
ADP,0000008670,0000008670-24-000030,10-Q,2024Q1,2024-09-30,Q1,own,T-140,refused,,4832700000.0,TOTAL COSTS OF REVENUES,2633700000.0,2285800000;232600000;115300000,rows between <= 25% of the anchor,False,,1,,,,,,no later comparative column stored,,
ADP,0000008670,0000008670-26-000022,10-Q,2026Q3,2025-03-31,Q3,comparative,T-140,refused,,5553000000.0,TOTAL COSTS OF REVENUES,2904200000.0,2534700000;247100000;122400000,rows between <= 25% of the anchor,False,,0,,,,,,no later comparative column stored,,
ADP,0000008670,0000008670-26-000022,10-Q,2026Q3,2025-03-31,YTD,comparative,T-140,refused,,15434100000.0,TOTAL COSTS OF REVENUES,8280400000.0,7196600000;719200000;364600000,rows between <= 25% of the anchor,False,,0,,,,,,no later comparative column stored,,
ADP,0000008670,0000008670-25-000037,10-K,FY2025,2025-06-30,FY,own,T-140,refused,,20560900000.0,TOTAL COSTS OF REVENUES,11097300000.0,9622700000;988600000;486000000,rows between <= 25% of the anchor,False,,1,,,,,,no later comparative column stored,,
ADP,0000008670,0000008670-25-000047,10-Q,2025Q1,2025-09-30,Q1,own,T-140,refused,,5175200000.0,TOTAL COSTS OF REVENUES,2836100000.0,2461600000;251200000;123300000,rows between <= 25% of the anchor,False,,0,,,,,,no later comparative column stored,,
ADP,0000008670,0000008670-26-000022,10-Q,2026Q3,2026-03-31,Q3,own,T-140,refused,,5939200000.0,TOTAL COSTS OF REVENUES,3072000000.0,2696000000;253900000;122100000,rows between <= 25% of the anchor,False,,0,,,,,,no later comparative column stored,,
ADP,0000008670,0000008670-26-000022,10-Q,2026Q3,2026-03-31,YTD,own,T-140,refused,,16473600000.0,TOTAL COSTS OF REVENUES,8797700000.0,7666500000;762900000;368300000,rows between <= 25% of the anchor,False,,0,,,,,,no later comparative column stored,,
ADP,0000008670,0000008670-26-000030,10-K,FY2026,2026-06-30,FY,own,T-140,refused,,21947400000.0,TOTAL COSTS OF REVENUES,11760200000.0,10240600000;1028800000;490800000,rows between <= 25% of the anchor,False,,0,,,,,,no later comparative column stored,,
APA,0001841666,0001784031-24-000003,10-K,FY2023,2021-12-31,FY,comparative,T-117,derived,7985000000.0,7985000000.0,Total revenues and other,7928000000.0,94000000;67000000;-446000000;228000000,rows between <= 25% of the anchor,True,15970000000.0,0,,,,,,no later comparative column stored,,
APA,0001841666,0001784031-24-000003,10-K,FY2023,2022-12-31,FY,comparative,T-117,derived,11075000000.0,11075000000.0,Total revenues and other,12132000000.0,-114000000;1180000000;-157000000;148000000,rows between <= 25% of the anchor,True,22150000000.0,1,0002040266-25-000007,2022-12-31 (FY),11075000000.0,0.0,0.000000,comparative column of a later filing; may be restated,,
APA,0001841666,0001784031-24-000008,10-Q,2024Q1,2023-03-31,Q1,comparative,T-117,derived,2008000000.0,2008000000.0,Total revenues and other,2030000000.0,53000000;1000000;0;-32000000,rows between <= 25% of the anchor,True,4016000000.0,0,,,,,,no later comparative column stored,,
APA,0001841666,0001784031-24-000013,10-Q,2024Q2,2023-06-30,Q2,comparative,T-117,derived,1796000000.0,1796000000.0,Total revenues and other,1961000000.0,51000000;5000000;0;109000000,rows between <= 25% of the anchor,True,3592000000.0,0,,,,,,no later comparative column stored,,
APA,0001841666,0001784031-24-000013,10-Q,2024Q2,2023-06-30,YTD,comparative,T-117,derived,3804000000.0,3804000000.0,Total revenues and other,3991000000.0,104000000;6000000;0;77000000,rows between <= 25% of the anchor,True,7608000000.0,0,,,,,,no later comparative column stored,,
APA,0001841666,0002040266-24-000003,10-Q,2024Q3,2023-09-30,Q3,comparative,T-117,derived,2308000000.0,2308000000.0,Total revenues and other,2309000000.0,0;1000000;0;0,rows between <= 25% of the anchor,True,4616000000.0,0,,,,,,no later comparative column stored,,
APA,0001841666,0002040266-24-000003,10-Q,2024Q3,2023-09-30,YTD,comparative,T-117,derived,6112000000.0,6112000000.0,Total revenues and other,6300000000.0,104000000;7000000;0;77000000,rows between <= 25% of the anchor,True,12224000000.0,0,,,,,,no later comparative column stored,,
APA,0001841666,0001784031-24-000003,10-K,FY2023,2023-12-31,FY,own,T-117,derived,8279000000.0,8279000000.0,Total revenues and other,8192000000.0,99000000;8000000;-212000000;18000000,rows between <= 25% of the anchor,True,16558000000.0,2,0002040266-25-000007,2023-12-31 (FY),8279000000.0,0.0,0.000000,comparative column of a later filing; may be restated,,
APA,0001841666,0001784031-24-000008,10-Q,2024Q1,2024-03-31,Q1,own,T-117,derived,1951000000.0,1951000000.0,Total revenues and other,1903000000.0,-4000000;7000000;-66000000;15000000,rows between <= 25% of the anchor,True,3902000000.0,1,0002040266-25-000012,2024-03-31 (Q1),1951000000.0,0.0,0.000000,comparative column of a later filing; may be restated,,
APA,0001841666,0001784031-24-000013,10-Q,2024Q2,2024-06-30,Q2,own,T-117,derived,2543000000.0,2543000000.0,Total revenues and other,2792000000.0,-3000000;276000000;-17000000;-7000000,rows between <= 25% of the anchor,True,5086000000.0,1,0001841666-25-000014,2024-06-30 (Q2),2543000000.0,0.0,0.000000,comparative column of a later filing; may be restated,,
APA,0001841666,0001784031-24-000013,10-Q,2024Q2,2024-06-30,YTD,own,T-117,derived,4494000000.0,4494000000.0,Total revenues and other,4695000000.0,-7000000;283000000;-83000000;8000000,rows between <= 25% of the anchor,True,8988000000.0,1,0001841666-25-000014,2024-06-30 (YTD),4494000000.0,0.0,0.000000,comparative column of a later filing; may be restated,,
APA,0001841666,0002040266-24-000003,10-Q,2024Q3,2024-09-30,Q3,own,T-117,derived,2531000000.0,2531000000.0,Total revenues and other,2540000000.0,-10000000;1000000;0;18000000,rows between <= 25% of the anchor,True,5062000000.0,1,0001841666-25-000031,2024-09-30 (Q3),2531000000.0,0.0,0.000000,comparative column of a later filing; may be restated,,
APA,0001841666,0002040266-24-000003,10-Q,2024Q3,2024-09-30,YTD,own,T-117,derived,7025000000.0,7025000000.0,Total revenues and other,7235000000.0,-17000000;284000000;-83000000;26000000,rows between <= 25% of the anchor,True,14050000000.0,1,0001841666-25-000031,2024-09-30 (YTD),7025000000.0,0.0,0.000000,comparative column of a later filing; may be restated,,
APA,0001841666,0002040266-25-000007,10-K,FY2024,2024-12-31,FY,own,T-117,derived,9737000000.0,9737000000.0,Total revenues and other,9737000000.0,-10000000;289000000;-273000000;-6000000,rows between <= 25% of the anchor,True,19474000000.0,1,0001841666-26-000015,2024-12-31 (FY),9737000000.0,0.0,0.000000,comparative column of a later filing; may be restated,,
APA,0001841666,0002040266-25-000012,10-Q,2025Q1,2025-03-31,Q1,own,T-117,derived,2636000000.0,2636000000.0,Total revenues and other,2612000000.0,-28000000;-2000000;0;6000000,rows between <= 25% of the anchor,True,5272000000.0,1,0001841666-26-000034,2025-03-31 (Q1),2636000000.0,0.0,0.000000,comparative column of a later filing; may be restated,,
APA,0001841666,0001841666-25-000014,10-Q,2025Q2,2025-06-30,Q2,own,T-117,derived,2178000000.0,2178000000.0,Total revenues and other,2612000000.0,138000000;282000000;0;14000000,rows between <= 25% of the anchor,True,4356000000.0,1,0001841666-26-000053,2025-06-30 (Q2),2178000000.0,0.0,0.000000,comparative column of a later filing; may be restated,,
APA,0001841666,0001841666-25-000014,10-Q,2025Q2,2025-06-30,YTD,own,T-117,derived,4814000000.0,4814000000.0,Total revenues and other,5224000000.0,110000000;280000000;0;20000000,rows between <= 25% of the anchor,True,9628000000.0,1,0001841666-26-000053,2025-06-30 (YTD),4814000000.0,0.0,0.000000,comparative column of a later filing; may be restated,,
APA,0001841666,0001841666-25-000031,10-Q,2025Q3,2025-09-30,Q3,own,T-117,derived,2115000000.0,2115000000.0,Total revenues and other,2018000000.0,-97000000;5000000;0;-5000000,rows between <= 25% of the anchor,True,4230000000.0,0,,,,,,no later comparative column stored,,
APA,0001841666,0001841666-25-000031,10-Q,2025Q3,2025-09-30,YTD,own,T-117,derived,6929000000.0,6929000000.0,Total revenues and other,7242000000.0,13000000;285000000;0;15000000,rows between <= 25% of the anchor,True,13858000000.0,0,,,,,,no later comparative column stored,,
APA,0001841666,0001841666-26-000015,10-K,FY2025,2025-12-31,FY,own,T-117,derived,8920000000.0,8920000000.0,Total revenues and other,9220000000.0,-53000000;301000000;60000000;-8000000,rows between <= 25% of the anchor,True,17840000000.0,0,,,,,,no later comparative column stored,,
APA,0001841666,0001841666-26-000034,10-Q,2026Q1,2026-03-31,Q1,own,T-117,derived,2327000000.0,2327000000.0,Total revenues and other,2215000000.0,-113000000;0;1000000,rows between <= 25% of the anchor,True,4654000000.0,0,,,,,,no later comparative column stored,,
APA,0001841666,0001841666-26-000053,10-Q,2026Q2,2026-06-30,Q2,own,T-117,derived,2373000000.0,2373000000.0,Total revenues and other,2399000000.0,8000000;-2000000;20000000,rows between <= 25% of the anchor,True,4746000000.0,0,,,,,,no later comparative column stored,,
APA,0001841666,0001841666-26-000053,10-Q,2026Q2,2026-06-30,YTD,own,T-117,derived,4700000000.0,4700000000.0,Total revenues and other,4614000000.0,-105000000;-2000000;21000000,rows between <= 25% of the anchor,True,9400000000.0,0,,,,,,no later comparative column stored,,
BNY,0001390777,0001390777-22-000043,10-K,FY2021,2019-12-31,FY,comparative,T-140,refused,,,Total fee revenue (a),12178000000.0,7900000000;3389000000;564000000;196000000;129000000,rows between <= 25% of the anchor,False,,0,,,,,,no later comparative column stored,,
BNY,0001390777,0001390777-22-000043,10-K,FY2021,2020-12-31,FY,comparative,T-140,refused,,,Total fee revenue (a),12515000000.0,8047000000;3367000000;774000000;212000000;115000000,rows between <= 25% of the anchor,False,,1,,,,,,no later comparative column stored,,
BNY,0001390777,0001390777-22-000075,10-Q,2022Q2,2021-06-30,Q2,comparative,T-140,refused,,,Total fee revenue,3224000000.0,2076000000;889000000;184000000;48000000;27000000,rows between <= 25% of the anchor,False,,0,,,,,,no later comparative column stored,,
BNY,0001390777,0001390777-22-000075,10-Q,2022Q2,2021-06-30,YTD,comparative,T-140,refused,,,Total fee revenue,6481000000.0,4132000000;1779000000;415000000;99000000;56000000,rows between <= 25% of the anchor,False,,0,,,,,,no later comparative column stored,,
BNY,0001390777,0001390777-22-000101,10-Q,2022Q3,2021-09-30,Q3,comparative,T-140,refused,,,Total fee revenue,3265000000.0,2091000000;913000000;185000000;48000000;28000000,rows between <= 25% of the anchor,False,,0,,,,,,no later comparative column stored,,
BNY,0001390777,0001390777-22-000101,10-Q,2022Q3,2021-09-30,YTD,comparative,T-140,refused,,,Total fee revenue,9746000000.0,6223000000;2692000000;600000000;147000000;84000000,rows between <= 25% of the anchor,False,,0,,,,,,no later comparative column stored,,
BNY,0001390777,0001390777-22-000043,10-K,FY2021,2021-12-31,FY,own,T-140,refused,,,Total fee revenue (a),12977000000.0,8284000000;3588000000;799000000;194000000;112000000,rows between <= 25% of the anchor,False,,2,,,,,,no later comparative column stored,,
BNY,0001390777,0001390777-22-000075,10-Q,2022Q2,2022-03-31,Q1,comparative,T-140,refused,,,Total fee revenue,3158000000.0,1993000000;883000000;207000000;45000000;30000000,rows between <= 25% of the anchor,False,,0,,,,,,no later comparative column stored,,
BNY,0001390777,0001390777-22-000075,10-Q,2022Q2,2022-06-30,Q2,own,T-140,refused,,,Total fee revenue,3339000000.0,2206000000;833000000;222000000;44000000;34000000,rows between <= 25% of the anchor,False,,2,,,,,,no later comparative column stored,,
BNY,0001390777,0001390777-22-000075,10-Q,2022Q2,2022-06-30,YTD,own,T-140,refused,,,Total fee revenue,6497000000.0,4199000000;1716000000;429000000;89000000;64000000,rows between <= 25% of the anchor,False,,1,,,,,,no later comparative column stored,,
BNY,0001390777,0001390777-22-000101,10-Q,2022Q3,2022-09-30,Q3,own,T-140,refused,,,Total fee revenue,3236000000.0,2157000000;800000000;203000000;43000000;33000000,rows between <= 25% of the anchor,False,,1,,,,,,no later comparative column stored,,
BNY,0001390777,0001390777-22-000101,10-Q,2022Q3,2022-09-30,YTD,own,T-140,refused,,,Total fee revenue,9733000000.0,6356000000;2516000000;632000000;132000000;97000000,rows between <= 25% of the anchor,False,,1,,,,,,no later comparative column stored,,
BNY,0001390777,0001390777-23-000033,10-K,FY2022,2022-12-31,FY,own,T-140,refused,,,Total fee revenue,12955000000.0,8529000000;3299000000;822000000;175000000;130000000,rows between <= 25% of the anchor,False,,2,,,,,,no later comparative column stored,,
BNY,0001390777,0001390777-23-000081,10-Q,2023Q2,2023-03-31,Q1,comparative,T-140,refused,,,Total fee revenue,3156000000.0,2119000000;776000000;176000000;52000000;33000000,rows between <= 25% of the anchor,False,,0,,,,,,no later comparative column stored,,
BNY,0001390777,0001390777-23-000081,10-Q,2023Q2,2023-06-30,Q2,own,T-140,refused,,,Total fee revenue,3257000000.0,2252000000;762000000;158000000;50000000;35000000,rows between <= 25% of the anchor,False,,2,,,,,,no later comparative column stored,,
BNY,0001390777,0001390777-23-000081,10-Q,2023Q2,2023-06-30,YTD,own,T-140,refused,,,Total fee revenue,6413000000.0,4371000000;1538000000;334000000;102000000;68000000,rows between <= 25% of the anchor,False,,1,,,,,,no later comparative column stored,,
BNY,0001390777,0001390777-23-000103,10-Q,2023Q3,2023-09-30,Q3,own,T-140,refused,,,Total fee revenue,3245000000.0,2230000000;777000000;154000000;45000000;39000000,rows between <= 25% of the anchor,False,,1,,,,,,no later comparative column stored,,
BNY,0001390777,0001390777-23-000103,10-Q,2023Q3,2023-09-30,YTD,own,T-140,refused,,,Total fee revenue,9658000000.0,6601000000;2315000000;488000000;147000000;107000000,rows between <= 25% of the anchor,False,,1,,,,,,no later comparative column stored,,
BNY,0001390777,0001390777-24-000051,10-K,FY2023,2023-12-31,FY,own,T-140,refused,,,Total fee revenue,12872000000.0,8843000000;3058000000;631000000;192000000;148000000,rows between <= 25% of the anchor,False,,2,,,,,,no later comparative column stored,,
BNY,0001390777,0001390777-24-000105,10-Q,2024Q2,2024-03-31,Q1,comparative,T-140,refused,,,Total fee revenue,3305000000.0,2278000000;776000000;152000000;57000000;42000000,rows between <= 25% of the anchor,False,,0,,,,,,no later comparative column stored,,
BNY,0001390777,0001390777-24-000105,10-Q,2024Q2,2024-06-30,Q2,own,T-140,refused,,,Total fee revenue,3398000000.0,2359000000;761000000;184000000;53000000;41000000,rows between <= 25% of the anchor,False,,2,,,,,,no later comparative column stored,,
BNY,0001390777,0001390777-24-000105,10-Q,2024Q2,2024-06-30,YTD,own,T-140,refused,,,Total fee revenue,6703000000.0,4637000000;1537000000;336000000;110000000;83000000,rows between <= 25% of the anchor,False,,1,,,,,,no later comparative column stored,,
BNY,0001390777,0001390777-24-000133,10-Q,2024Q3,2024-09-30,Q3,own,T-140,refused,,,Total fee revenue,3404000000.0,2344000000;794000000;175000000;53000000;38000000,rows between <= 25% of the anchor,False,,1,,,,,,no later comparative column stored,,
BNY,0001390777,0001390777-24-000133,10-Q,2024Q3,2024-09-30,YTD,own,T-140,refused,,,Total fee revenue,10107000000.0,6981000000;2331000000;511000000;163000000;121000000,rows between <= 25% of the anchor,False,,1,,,,,,no later comparative column stored,,
BNY,0001390777,0001390777-25-000046,10-K,FY2024,2024-12-31,FY,own,T-140,refused,,,Total fee revenue,13620000000.0,9419000000;3139000000;688000000;216000000;158000000,rows between <= 25% of the anchor,False,,1,,,,,,no later comparative column stored,,
BNY,0001390777,0001390777-25-000118,10-Q,2025Q2,2025-03-31,Q1,comparative,T-140,refused,,,Total fee revenue,3403000000.0,2411000000;739000000;156000000;60000000;37000000,rows between <= 25% of the anchor,False,,0,,,,,,no later comparative column stored,,
BNY,0001390777,0001390777-25-000118,10-Q,2025Q2,2025-06-30,Q2,own,T-140,refused,,,Total fee revenue,3641000000.0,2583000000;758000000;213000000;51000000;36000000,rows between <= 25% of the anchor,False,,2,,,,,,no later comparative column stored,,
BNY,0001390777,0001390777-25-000118,10-Q,2025Q2,2025-06-30,YTD,own,T-140,refused,,,Total fee revenue,7044000000.0,4994000000;1497000000;369000000;111000000;73000000,rows between <= 25% of the anchor,False,,1,,,,,,no later comparative column stored,,
BNY,0001390777,0001390777-25-000159,10-Q,2025Q3,2025-09-30,Q3,own,T-140,refused,,,Total fee revenue,3637000000.0,2585000000;782000000;166000000;67000000;37000000,rows between <= 25% of the anchor,False,,0,,,,,,no later comparative column stored,,
BNY,0001390777,0001390777-25-000159,10-Q,2025Q3,2025-09-30,YTD,own,T-140,refused,,,Total fee revenue,10681000000.0,7579000000;2279000000;535000000;178000000;110000000,rows between <= 25% of the anchor,False,,0,,,,,,no later comparative column stored,,
BNY,0001390777,0001390777-26-000033,10-K,FY2025,2025-12-31,FY,own,T-140,refused,,,Total fee revenue,14379000000.0,10211000000;3085000000;706000000;231000000;146000000,rows between <= 25% of the anchor,False,,0,,,,,,no later comparative column stored,,
BNY,0001390777,0001390777-26-000086,10-Q,2026Q2,2026-06-30,Q2,own,T-140,refused,,,Total fee revenue,4036000000.0,2909000000;796000000;229000000;64000000;38000000,rows between <= 25% of the anchor,False,,0,,,,,,no later comparative column stored,,
BNY,0001390777,0001390777-26-000086,10-Q,2026Q2,2026-06-30,YTD,own,T-140,refused,,,Total fee revenue,7804000000.0,5561000000;1581000000;461000000;126000000;75000000,rows between <= 25% of the anchor,False,,0,,,,,,no later comparative column stored,,
ICE,0001571949,0001571949-22-000006,10-K,FY2021,2019-12-31,FY,comparative,T-140,derived,3857000000.0,6547000000.0,"Total revenues, less transaction-based expenses",5202000000.0,379000000;966000000,rows between <= 25% of the anchor,True,,0,,,,,,no later comparative column stored,,
ICE,0001571949,0001571949-22-000006,10-K,FY2021,2020-12-31,FY,comparative,T-140,refused,,8244000000.0,"Total revenues, less transaction-based expenses",6036000000.0,622000000;1586000000,rows between <= 25% of the anchor,False,,0,,,,,,no later comparative column stored,,
ICE,0001571949,0001571949-22-000016,10-Q,2022Q3,2021-09-30,Q3,comparative,T-140,derived,1327000000.0,2277000000.0,"Total revenues, less transaction-based expenses",1802000000.0,38000000;437000000,rows between <= 25% of the anchor,True,,0,,,,,,no later comparative column stored,,
ICE,0001571949,0001571949-22-000016,10-Q,2022Q3,2021-09-30,YTD,comparative,T-140,refused,,6840000000.0,"Total revenues, less transaction-based expenses",5306000000.0,204000000;1330000000,rows between <= 25% of the anchor,False,,0,,,,,,no later comparative column stored,,
ICE,0001571949,0001571949-22-000006,10-K,FY2021,2021-12-31,FY,own,T-140,derived,5124000000.0,9168000000.0,"Total revenues, less transaction-based expenses",7146000000.0,248000000;1774000000,rows between <= 25% of the anchor,True,,0,,,,,,no later comparative column stored,,
ICE,0001571949,0001571949-22-000016,10-Q,2022Q3,2022-09-30,Q3,own,T-140,derived,1235000000.0,2387000000.0,"Total revenues, less transaction-based expenses",1811000000.0,158000000;418000000,rows between <= 25% of the anchor,True,,1,0001571949-23-000019,2022-09-30 (Q3),2387000000.0,1152000000.0,0.932794,comparative column of a later filing; may be restated,,
ICE,0001571949,0001571949-22-000016,10-Q,2022Q3,2022-09-30,YTD,own,T-140,refused,,7259000000.0,"Total revenues, less transaction-based expenses",5524000000.0,332000000;1403000000,rows between <= 25% of the anchor,False,,1,,,,,,no later comparative column stored,,
ICE,0001571949,0001571949-23-000019,10-Q,2023Q3,2023-09-30,Q3,own,T-140,derived,1577000000.0,2429000000.0,"Total revenues, less transaction-based expenses",2003000000.0,56000000;370000000,rows between <= 25% of the anchor,True,,1,0001571949-24-000017,2023-09-30 (Q3),2429000000.0,852000000.0,0.540266,comparative column of a later filing; may be restated,,
ICE,0001571949,0001571949-23-000019,10-Q,2023Q3,2023-09-30,YTD,own,T-140,derived,4337000000.0,7237000000.0,"Total revenues, less transaction-based expenses",5787000000.0,231000000;1219000000,rows between <= 25% of the anchor,True,,1,0001571949-24-000017,2023-09-30 (YTD),7237000000.0,2900000000.0,0.668665,comparative column of a later filing; may be restated,,
ICE,0001571949,0001571949-26-000004,10-K,FY2025,2023-12-31,FY,comparative,T-140,derived,6073000000.0,9903000000.0,"Total revenues, less transaction-based expenses",7988000000.0,293000000;1622000000,rows between <= 25% of the anchor,True,,0,,,,,,no later comparative column stored,,
ICE,0001571949,0001571949-24-000017,10-Q,2024Q3,2024-09-30,Q3,own,T-140,derived,1665000000.0,3033000000.0,"Total revenues, less transaction-based expenses",2349000000.0,232000000;452000000,rows between <= 25% of the anchor,True,,1,0001571949-25-000018,2024-09-30 (Q3),3033000000.0,1368000000.0,0.821622,comparative column of a later filing; may be restated,,
ICE,0001571949,0001571949-24-000017,10-Q,2024Q3,2024-09-30,YTD,own,T-140,derived,5181000000.0,8731000000.0,"Total revenues, less transaction-based expenses",6956000000.0,437000000;1338000000,rows between <= 25% of the anchor,True,,1,0001571949-25-000018,2024-09-30 (YTD),8731000000.0,3550000000.0,0.685196,comparative column of a later filing; may be restated,,
ICE,0001571949,0001571949-26-000004,10-K,FY2025,2024-12-31,FY,comparative,T-140,derived,6797000000.0,11761000000.0,"Total revenues, less transaction-based expenses",9279000000.0,679000000;1803000000,rows between <= 25% of the anchor,True,,0,,,,,,no later comparative column stored,,
ICE,0001571949,0001571949-26-000011,10-Q,2026Q2,2025-06-30,Q2,comparative,T-140,derived,1824000000.0,3262000000.0,"Total revenues, less transaction-based expenses",2543000000.0,150000000;569000000,rows between <= 25% of the anchor,True,,0,,,,,,no later comparative column stored,,
ICE,0001571949,0001571949-26-000011,10-Q,2026Q2,2025-06-30,YTD,comparative,T-140,derived,3541000000.0,6491000000.0,"Total revenues, less transaction-based expenses",5016000000.0,412000000;1063000000,rows between <= 25% of the anchor,True,,0,,,,,,no later comparative column stored,,
ICE,0001571949,0001571949-25-000018,10-Q,2025Q3,2025-09-30,Q3,own,T-140,derived,1815000000.0,3007000000.0,"Total revenues, less transaction-based expenses",2411000000.0,0;596000000,rows between <= 25% of the anchor,True,,0,,,,,,no later comparative column stored,,
ICE,0001571949,0001571949-25-000018,10-Q,2025Q3,2025-09-30,YTD,own,T-140,derived,5356000000.0,9498000000.0,"Total revenues, less transaction-based expenses",7427000000.0,412000000;1659000000,rows between <= 25% of the anchor,True,,0,,,,,,no later comparative column stored,,
ICE,0001571949,0001571949-26-000004,10-K,FY2025,2025-12-31,FY,own,T-140,derived,7222000000.0,12640000000.0,"Total revenues, less transaction-based expenses",9931000000.0,412000000;2297000000,rows between <= 25% of the anchor,True,,0,,,,,,no later comparative column stored,,
ICE,0001571949,0001571949-26-000011,10-Q,2026Q2,2026-06-30,Q2,own,T-140,derived,1721000000.0,3611000000.0,"Total revenues, less transaction-based expenses",2666000000.0,288000000;657000000,rows between <= 25% of the anchor,True,,0,,,,,,no later comparative column stored,,
ICE,0001571949,0001571949-26-000011,10-Q,2026Q2,2026-06-30,YTD,own,T-140,derived,4009000000.0,7277000000.0,"Total revenues, less transaction-based expenses",5643000000.0,288000000;1346000000,rows between <= 25% of the anchor,True,,0,,,,,,no later comparative column stored,,
MPC,0001510295,0001510295-22-000077,10-Q,2022Q3,2021-09-30,Q3,comparative,T-140,derived,32321000000.0,32321000000.0,Total revenues and other income,32613000000.0,122000000;0;170000000,rows between <= 25% of the anchor,True,,0,,,,,,no later comparative column stored,,
MPC,0001510295,0001510295-22-000077,10-Q,2022Q3,2021-09-30,YTD,comparative,T-140,derived,84647000000.0,84647000000.0,Total revenues and other income,85322000000.0,306000000;3000000;366000000,rows between <= 25% of the anchor,True,,0,,,,,,no later comparative column stored,,
MPC,0001510295,0001510295-22-000077,10-Q,2022Q3,2022-09-30,Q3,own,T-140,derived,45787000000.0,45787000000.0,Total revenues and other income,47237000000.0,180000000;1051000000;219000000,rows between <= 25% of the anchor,True,,1,0001510295-23-000078,2022-09-30 (Q3),45787000000.0,0.0,0.000000,comparative column of a later filing; may be restated,,
MPC,0001510295,0001510295-22-000077,10-Q,2022Q3,2022-09-30,YTD,own,T-140,derived,137640000000.0,137640000000.0,Total revenues and other income,139859000000.0,469000000;1072000000;678000000,rows between <= 25% of the anchor,True,,1,0001510295-23-000078,2022-09-30 (YTD),137640000000.0,0.0,0.000000,comparative column of a later filing; may be restated,,
MPC,0001510295,0001510295-23-000078,10-Q,2023Q3,2023-09-30,Q3,own,T-140,derived,40917000000.0,40917000000.0,Total revenues and other income,41583000000.0,215000000;110000000;341000000,rows between <= 25% of the anchor,True,,1,0001510295-24-000079,2023-09-30 (Q3),40917000000.0,0.0,0.000000,comparative column of a later filing; may be restated,,
MPC,0001510295,0001510295-23-000078,10-Q,2023Q3,2023-09-30,YTD,own,T-140,derived,112124000000.0,112124000000.0,Total revenues and other income,113484000000.0,547000000;126000000;687000000,rows between <= 25% of the anchor,True,,1,0001510295-24-000079,2023-09-30 (YTD),112124000000.0,0.0,0.000000,comparative column of a later filing; may be restated,,
MPC,0001510295,0001510295-24-000079,10-Q,2024Q3,2024-09-30,Q3,own,T-140,derived,35107000000.0,35107000000.0,Total revenues and other income,35373000000.0,219000000;-2000000;49000000,rows between <= 25% of the anchor,True,,1,0001510295-25-000064,2024-09-30 (Q3),35107000000.0,0.0,0.000000,comparative column of a later filing; may be restated,,
MPC,0001510295,0001510295-24-000079,10-Q,2024Q3,2024-09-30,YTD,own,T-140,derived,105727000000.0,105727000000.0,Total revenues and other income,106946000000.0,796000000;17000000;406000000,rows between <= 25% of the anchor,True,,1,0001510295-25-000064,2024-09-30 (YTD),105727000000.0,0.0,0.000000,comparative column of a later filing; may be restated,,
MPC,0001510295,0001510295-26-000061,10-Q,2026Q2,2025-06-30,Q2,comparative,T-140,derived,33799000000.0,33799000000.0,Total revenues and other income,34101000000.0,212000000;6000000;84000000,rows between <= 25% of the anchor,True,,0,,,,,,no later comparative column stored,,
MPC,0001510295,0001510295-26-000061,10-Q,2026Q2,2025-06-30,YTD,comparative,T-140,derived,65316000000.0,65316000000.0,Total revenues and other income,65951000000.0,442000000;6000000;187000000,rows between <= 25% of the anchor,True,,0,,,,,,no later comparative column stored,,
MPC,0001510295,0001510295-25-000064,10-Q,2025Q3,2025-09-30,Q3,own,T-140,derived,34809000000.0,34809000000.0,Total revenues and other income,35849000000.0,976000000;-2000000;66000000,rows between <= 25% of the anchor,True,,0,,,,,,no later comparative column stored,,
MPC,0001510295,0001510295-25-000064,10-Q,2025Q3,2025-09-30,YTD,own,T-140,derived,100125000000.0,100125000000.0,Total revenues and other income,101800000000.0,1418000000;4000000;253000000,rows between <= 25% of the anchor,True,,0,,,,,,no later comparative column stored,,
MPC,0001510295,0001510295-26-000061,10-Q,2026Q2,2026-06-30,Q2,own,T-140,derived,51994000000.0,51994000000.0,Total revenues and other income,52337000000.0,256000000;-2000000;89000000,rows between <= 25% of the anchor,True,,0,,,,,,no later comparative column stored,,
MPC,0001510295,0001510295-26-000061,10-Q,2026Q2,2026-06-30,YTD,own,T-140,derived,86194000000.0,86194000000.0,Total revenues and other income,86905000000.0,432000000;-2000000;281000000,rows between <= 25% of the anchor,True,,0,,,,,,no later comparative column stored,,
NI,0001111711,0001111711-22-000007,10-K,FY2021,2019-12-31,FY,comparative,T-140,derived,5053400000.0,5053400000.0,Total Operating Revenues,5208900000.0,155500000,rows between <= 25% of the anchor,True,,0,,,,,,no later comparative column stored,,
NI,0001111711,0001111711-22-000007,10-K,FY2021,2020-12-31,FY,comparative,T-140,derived,4473200000.0,4473200000.0,Total Operating Revenues,4681700000.0,208500000,rows between <= 25% of the anchor,True,,1,0001111711-23-000006,2020-12-31 (FY),4473200000.0,0.0,0.000000,comparative column of a later filing; may be restated,,
NI,0001111711,0001111711-22-000041,10-Q,2022Q3,2021-09-30,Q3,comparative,T-140,derived,918800000.0,918800000.0,Total Operating Revenues,959400000.0,40600000,rows between <= 25% of the anchor,True,,0,,,,,,no later comparative column stored,,
NI,0001111711,0001111711-22-000041,10-Q,2022Q3,2021-09-30,YTD,comparative,T-140,derived,3377700000.0,3377700000.0,Total Operating Revenues,3491000000.0,113300000,rows between <= 25% of the anchor,True,,0,,,,,,no later comparative column stored,,
NI,0001111711,0001111711-22-000007,10-K,FY2021,2021-12-31,FY,own,T-140,derived,4731300000.0,4731300000.0,Total Operating Revenues,4899600000.0,168300000,rows between <= 25% of the anchor,True,,2,0001111711-23-000006,2021-12-31 (FY),4731300000.0,0.0,0.000000,comparative column of a later filing; may be restated,,
NI,0001111711,0001111711-22-000041,10-Q,2022Q3,2022-09-30,Q3,own,T-140,derived,1058200000.0,1058200000.0,Total Operating Revenues,1089500000.0,31300000,rows between <= 25% of the anchor,True,,1,0001111711-23-000041,2022-09-30 (Q3),1058200000.0,0.0,0.000000,comparative column of a later filing; may be restated,,
NI,0001111711,0001111711-22-000041,10-Q,2022Q3,2022-09-30,YTD,own,T-140,derived,4055000000.0,4055000000.0,Total Operating Revenues,4146000000.0,91000000,rows between <= 25% of the anchor,True,,1,0001111711-23-000041,2022-09-30 (YTD),4055000000.0,0.0,0.000000,comparative column of a later filing; may be restated,,
NI,0001111711,0001111711-23-000006,10-K,FY2022,2022-12-31,FY,own,T-140,derived,5738600000.0,5738600000.0,Total Operating Revenues,5850600000.0,112000000,rows between <= 25% of the anchor,True,,2,0001111711-24-000011,2022-12-31 (FY),5738600000.0,0.0,0.000000,comparative column of a later filing; may be restated,,
NI,0001111711,0001111711-23-000041,10-Q,2023Q3,2023-09-30,Q3,own,T-140,derived,1002600000.0,1002600000.0,Total Operating Revenues,1027400000.0,24800000,rows between <= 25% of the anchor,True,,1,0001111711-24-000042,2023-09-30 (Q3),1002600000.0,0.0,0.000000,comparative column of a later filing; may be restated,,
NI,0001111711,0001111711-23-000041,10-Q,2023Q3,2023-09-30,YTD,own,T-140,derived,3965900000.0,3965900000.0,Total Operating Revenues,4083400000.0,117500000,rows between <= 25% of the anchor,True,,1,0001111711-24-000042,2023-09-30 (YTD),3965900000.0,0.0,0.000000,comparative column of a later filing; may be restated,,
NI,0001111711,0001111711-24-000011,10-K,FY2023,2023-12-31,FY,own,T-140,derived,5347800000.0,5347800000.0,Total Operating Revenues,5505400000.0,157600000,rows between <= 25% of the anchor,True,,2,0001111711-25-000008,2023-12-31 (FY),5347800000.0,0.0,0.000000,comparative column of a later filing; may be restated,,
NI,0001111711,0001111711-24-000042,10-Q,2024Q3,2024-09-30,Q3,own,T-140,derived,1046100000.0,1046100000.0,Total Operating Revenues,1076300000.0,30200000,rows between <= 25% of the anchor,True,,1,0001111711-25-000055,2024-09-30 (Q3),1046100000.0,0.0,0.000000,comparative column of a later filing; may be restated,,
NI,0001111711,0001111711-24-000042,10-Q,2024Q3,2024-09-30,YTD,own,T-140,derived,3743200000.0,3743200000.0,Total Operating Revenues,3867300000.0,124100000,rows between <= 25% of the anchor,True,,1,0001111711-25-000055,2024-09-30 (YTD),3743200000.0,0.0,0.000000,comparative column of a later filing; may be restated,,
NI,0001111711,0001111711-25-000008,10-K,FY2024,2024-12-31,FY,own,T-140,derived,5282900000.0,5282900000.0,Total Operating Revenues,5455100000.0,172200000,rows between <= 25% of the anchor,True,,1,0001111711-26-000027,2024-12-31 (FY),5282900000.0,0.0,0.000000,comparative column of a later filing; may be restated,,
NI,0001111711,0001111711-26-000088,10-Q,2026Q2,2025-06-30,Q2,comparative,T-140,derived,1246500000.0,1246500000.0,Total Operating Revenues,1283000000.0,36500000,rows between <= 25% of the anchor,True,,0,,,,,,no later comparative column stored,,
NI,0001111711,0001111711-26-000088,10-Q,2026Q2,2025-06-30,YTD,comparative,T-140,derived,3396000000.0,3396000000.0,Total Operating Revenues,3466200000.0,70200000,rows between <= 25% of the anchor,True,,0,,,,,,no later comparative column stored,,
NI,0001111711,0001111711-25-000055,10-Q,2025Q3,2025-09-30,Q3,own,T-140,derived,1240200000.0,1240200000.0,Total Operating Revenues,1273100000.0,32900000,rows between <= 25% of the anchor,True,,0,,,,,,no later comparative column stored,,
NI,0001111711,0001111711-25-000055,10-Q,2025Q3,2025-09-30,YTD,own,T-140,derived,4636200000.0,4636200000.0,Total Operating Revenues,4739300000.0,103100000,rows between <= 25% of the anchor,True,,0,,,,,,no later comparative column stored,,
NI,0001111711,0001111711-26-000027,10-K,FY2025,2025-12-31,FY,own,T-140,derived,6522800000.0,6522800000.0,Total Operating Revenues,6642200000.0,119400000,rows between <= 25% of the anchor,True,,0,,,,,,no later comparative column stored,,
NI,0001111711,0001111711-26-000088,10-Q,2026Q2,2026-06-30,Q2,own,T-140,derived,1289500000.0,1289500000.0,Total Operating Revenues,1342400000.0,52900000,rows between <= 25% of the anchor,True,,0,,,,,,no later comparative column stored,,
NI,0001111711,0001111711-26-000088,10-Q,2026Q2,2026-06-30,YTD,own,T-140,derived,3611800000.0,3611800000.0,Total Operating Revenues,3705500000.0,93700000,rows between <= 25% of the anchor,True,,0,,,,,,no later comparative column stored,,
PSX,0001534701,0001534701-22-000078,10-K,FY2021,2019-12-31,FY,comparative,T-140,derived,107293000000.0,107293000000.0,Total Revenues and Other Income,109559000000.0,2127000000;20000000;119000000,rows between <= 25% of the anchor,True,,0,,,,,,no later comparative column stored,,
PSX,0001534701,0001534701-22-000078,10-K,FY2021,2020-12-31,FY,comparative,T-140,derived,64129000000.0,64129000000.0,Total Revenues and Other Income,65494000000.0,1191000000;108000000;66000000,rows between <= 25% of the anchor,True,,1,0001534701-23-000053,2020-12-31 (FY),64129000000.0,0.0,0.000000,comparative column of a later filing; may be restated,,
PSX,0001534701,0001534701-22-000103,10-Q,2022Q1,2021-03-31,Q1,comparative,T-140,derived,21627000000.0,21627000000.0,Total Revenues and Other Income,21927000000.0,285000000;0;15000000,rows between <= 25% of the anchor,True,,0,,,,,,no later comparative column stored,,
PSX,0001534701,0001534701-22-000143,10-Q,2022Q2,2021-06-30,Q2,comparative,T-140,derived,27002000000.0,27002000000.0,Total Revenues and Other Income,27885000000.0,830000000;2000000;51000000,rows between <= 25% of the anchor,True,,0,,,,,,no later comparative column stored,,
PSX,0001534701,0001534701-22-000143,10-Q,2022Q2,2021-06-30,YTD,comparative,T-140,derived,48629000000.0,48629000000.0,Total Revenues and Other Income,49812000000.0,1115000000;2000000;66000000,rows between <= 25% of the anchor,True,,0,,,,,,no later comparative column stored,,
PSX,0001534701,0001534701-22-000185,10-Q,2022Q3,2021-09-30,Q3,comparative,T-140,derived,30243000000.0,30243000000.0,Total Revenues and Other Income,31472000000.0,982000000;9000000;238000000,rows between <= 25% of the anchor,True,,0,,,,,,no later comparative column stored,,
PSX,0001534701,0001534701-22-000185,10-Q,2022Q3,2021-09-30,YTD,comparative,T-140,derived,78872000000.0,78872000000.0,Total Revenues and Other Income,81284000000.0,2097000000;11000000;304000000,rows between <= 25% of the anchor,True,,0,,,,,,no later comparative column stored,,
PSX,0001534701,0001534701-22-000078,10-K,FY2021,2021-12-31,FY,own,T-140,derived,111476000000.0,111476000000.0,Total Revenues and Other Income,114852000000.0,2904000000;18000000;454000000,rows between <= 25% of the anchor,True,,2,0001534701-23-000053,2021-12-31 (FY),111476000000.0,0.0,0.000000,comparative column of a later filing; may be restated,,
PSX,0001534701,0001534701-22-000103,10-Q,2022Q1,2022-03-31,Q1,own,T-140,derived,36179000000.0,36179000000.0,Total Revenues and Other Income,36722000000.0,685000000;1000000;-143000000,rows between <= 25% of the anchor,True,,1,0001534701-23-000080,2022-03-31 (Q1),36179000000.0,0.0,0.000000,comparative column of a later filing; may be restated,,
PSX,0001534701,0001534701-22-000143,10-Q,2022Q2,2022-06-30,Q2,own,T-140,derived,48577000000.0,48577000000.0,Total Revenues and Other Income,49309000000.0,917000000;0;-185000000,rows between <= 25% of the anchor,True,,1,0001534701-23-000123,2022-06-30 (Q2),48577000000.0,0.0,0.000000,comparative column of a later filing; may be restated,,
PSX,0001534701,0001534701-22-000143,10-Q,2022Q2,2022-06-30,YTD,own,T-140,derived,84756000000.0,84756000000.0,Total Revenues and Other Income,86031000000.0,1602000000;1000000;-328000000,rows between <= 25% of the anchor,True,,1,0001534701-23-000123,2022-06-30 (YTD),84756000000.0,0.0,0.000000,comparative column of a later filing; may be restated,,
PSX,0001534701,0001534701-22-000185,10-Q,2022Q3,2022-09-30,Q3,own,T-140,derived,44955000000.0,44955000000.0,Total Revenues and Other Income,48764000000.0,782000000;1000000;3026000000,rows between <= 25% of the anchor,True,,1,0001534701-23-000148,2022-09-30 (Q3),44955000000.0,0.0,0.000000,comparative column of a later filing; may be restated,,
PSX,0001534701,0001534701-22-000185,10-Q,2022Q3,2022-09-30,YTD,own,T-140,derived,129711000000.0,129711000000.0,Total Revenues and Other Income,134795000000.0,2384000000;2000000;2698000000,rows between <= 25% of the anchor,True,,1,0001534701-23-000148,2022-09-30 (YTD),129711000000.0,0.0,0.000000,comparative column of a later filing; may be restated,,
PSX,0001534701,0001534701-23-000053,10-K,FY2022,2022-12-31,FY,own,T-140,derived,169990000000.0,169990000000.0,Total Revenues and Other Income,175702000000.0,2968000000;7000000;2737000000,rows between <= 25% of the anchor,True,,2,0001534701-24-000078,2022-12-31 (FY),169990000000.0,0.0,0.000000,comparative column of a later filing; may be restated,,
PSX,0001534701,0001534701-23-000080,10-Q,2023Q1,2023-03-31,Q1,own,T-140,derived,34396000000.0,34396000000.0,Total Revenues and Other Income,35089000000.0,611000000;34000000;48000000,rows between <= 25% of the anchor,True,,1,0001534701-24-000104,2023-03-31 (Q1),34396000000.0,0.0,0.000000,comparative column of a later filing; may be restated,,
PSX,0001534701,0001534701-23-000123,10-Q,2023Q2,2023-06-30,Q2,own,T-140,derived,35090000000.0,35090000000.0,Total Revenues and Other Income,35740000000.0,563000000;-12000000;99000000,rows between <= 25% of the anchor,True,,1,0001534701-24-000132,2023-06-30 (Q2),35090000000.0,0.0,0.000000,comparative column of a later filing; may be restated,,
PSX,0001534701,0001534701-23-000123,10-Q,2023Q2,2023-06-30,YTD,own,T-140,derived,69486000000.0,69486000000.0,Total Revenues and Other Income,70829000000.0,1174000000;22000000;147000000,rows between <= 25% of the anchor,True,,1,0001534701-24-000132,2023-06-30 (YTD),69486000000.0,0.0,0.000000,comparative column of a later filing; may be restated,,
PSX,0001534701,0001534701-23-000148,10-Q,2023Q3,2023-09-30,Q3,own,T-140,derived,39643000000.0,39643000000.0,Total Revenues and Other Income,40322000000.0,562000000;102000000;15000000,rows between <= 25% of the anchor,True,,1,0001534701-24-000166,2023-09-30 (Q3),39643000000.0,0.0,0.000000,comparative column of a later filing; may be restated,,
PSX,0001534701,0001534701-23-000148,10-Q,2023Q3,2023-09-30,YTD,own,T-140,derived,109129000000.0,109129000000.0,Total Revenues and Other Income,111151000000.0,1736000000;124000000;162000000,rows between <= 25% of the anchor,True,,1,0001534701-24-000166,2023-09-30 (YTD),109129000000.0,0.0,0.000000,comparative column of a later filing; may be restated,,
PSX,0001534701,0001534701-24-000078,10-K,FY2023,2023-12-31,FY,own,T-140,derived,147399000000.0,147399000000.0,Total Revenues and Other Income,149890000000.0,2017000000;115000000;359000000,rows between <= 25% of the anchor,True,,2,0001534701-25-000074,2023-12-31 (FY),147399000000.0,0.0,0.000000,comparative column of a later filing; may be restated,,
PSX,0001534701,0001534701-24-000104,10-Q,2024Q1,2024-03-31,Q1,own,T-140,derived,35811000000.0,35811000000.0,Total Revenues and Other Income,36436000000.0,528000000;0;97000000,rows between <= 25% of the anchor,True,,1,0001534701-25-000094,2024-03-31 (Q1),35811000000.0,0.0,0.000000,comparative column of a later filing; may be restated,,
PSX,0001534701,0001534701-24-000132,10-Q,2024Q2,2024-06-30,Q2,own,T-140,derived,38129000000.0,38129000000.0,Total Revenues and Other Income,38911000000.0,487000000;237000000;58000000,rows between <= 25% of the anchor,True,,1,0001534701-25-000137,2024-06-30 (Q2),38129000000.0,0.0,0.000000,comparative column of a later filing; may be restated,,
PSX,0001534701,0001534701-24-000132,10-Q,2024Q2,2024-06-30,YTD,own,T-140,derived,73940000000.0,73940000000.0,Total Revenues and Other Income,75347000000.0,1015000000;237000000;155000000,rows between <= 25% of the anchor,True,,1,0001534701-25-000137,2024-06-30 (YTD),73940000000.0,0.0,0.000000,comparative column of a later filing; may be restated,,
PSX,0001534701,0001534701-24-000166,10-Q,2024Q3,2024-09-30,Q3,own,T-140,derived,35528000000.0,35528000000.0,Total Revenues and Other Income,36163000000.0,549000000;2000000;84000000,rows between <= 25% of the anchor,True,,1,0001534701-25-000155,2024-09-30 (Q3),35528000000.0,0.0,0.000000,comparative column of a later filing; may be restated,,
PSX,0001534701,0001534701-24-000166,10-Q,2024Q3,2024-09-30,YTD,own,T-140,derived,109468000000.0,109468000000.0,Total Revenues and Other Income,111510000000.0,1564000000;239000000;239000000,rows between <= 25% of the anchor,True,,1,0001534701-25-000155,2024-09-30 (YTD),109468000000.0,0.0,0.000000,comparative column of a later filing; may be restated,,
PSX,0001534701,0001534701-25-000074,10-K,FY2024,2024-12-31,FY,own,T-140,derived,143153000000.0,143153000000.0,Total Revenues and Other Income,145496000000.0,1779000000;321000000;243000000,rows between <= 25% of the anchor,True,,1,0001534701-26-000006,2024-12-31 (FY),143153000000.0,0.0,0.000000,comparative column of a later filing; may be restated,,
PSX,0001534701,0001534701-25-000094,10-Q,2025Q1,2025-03-31,Q1,own,T-140,derived,30430000000.0,30430000000.0,Total Revenues and Other Income,31726000000.0,153000000;1087000000;56000000,rows between <= 25% of the anchor,True,,1,0001534701-26-000022,2025-03-31 (Q1),30430000000.0,0.0,0.000000,comparative column of a later filing; may be restated,,
PSX,0001534701,0001534701-25-000137,10-Q,2025Q2,2025-06-30,Q2,own,T-140,derived,33323000000.0,33323000000.0,Total Revenues and Other Income,33522000000.0,153000000;-93000000;139000000,rows between <= 25% of the anchor,True,,1,0001534701-26-000032,2025-06-30 (Q2),33323000000.0,0.0,0.000000,comparative column of a later filing; may be restated,,
PSX,0001534701,0001534701-25-000137,10-Q,2025Q2,2025-06-30,YTD,own,T-140,derived,63753000000.0,63753000000.0,Total Revenues and Other Income,65248000000.0,306000000;994000000;195000000,rows between <= 25% of the anchor,True,,1,0001534701-26-000032,2025-06-30 (YTD),63753000000.0,0.0,0.000000,comparative column of a later filing; may be restated,,
PSX,0001534701,0001534701-25-000155,10-Q,2025Q3,2025-09-30,Q3,own,T-140,derived,34515000000.0,34515000000.0,Total Revenues and Other Income,34979000000.0,337000000;11000000;116000000,rows between <= 25% of the anchor,True,,0,,,,,,no later comparative column stored,,
PSX,0001534701,0001534701-25-000155,10-Q,2025Q3,2025-09-30,YTD,own,T-140,derived,98268000000.0,98268000000.0,Total Revenues and Other Income,100227000000.0,643000000;1005000000;311000000,rows between <= 25% of the anchor,True,,0,,,,,,no later comparative column stored,,
PSX,0001534701,0001534701-26-000006,10-K,FY2025,2025-12-31,FY,own,T-140,derived,132376000000.0,132376000000.0,Total Revenues and Other Income,136560000000.0,762000000;2984000000;438000000,rows between <= 25% of the anchor,True,,0,,,,,,no later comparative column stored,,
PSX,0001534701,0001534701-26-000022,10-Q,2026Q1,2026-03-31,Q1,own,T-140,derived,32540000000.0,32540000000.0,Total Revenues and Other Income,33002000000.0,252000000;6000000;204000000,rows between <= 25% of the anchor,True,,0,,,,,,no later comparative column stored,,
PSX,0001534701,0001534701-26-000032,10-Q,2026Q2,2026-06-30,Q2,own,T-140,derived,51004000000.0,51004000000.0,Total Revenues and Other Income,52044000000.0,635000000;117000000;288000000,rows between <= 25% of the anchor,True,,0,,,,,,no later comparative column stored,,
PSX,0001534701,0001534701-26-000032,10-Q,2026Q2,2026-06-30,YTD,own,T-140,derived,83544000000.0,83544000000.0,Total Revenues and Other Income,85046000000.0,887000000;123000000;492000000,rows between <= 25% of the anchor,True,,0,,,,,,no later comparative column stored,,
